Image,Target Image,Similarity
C:\Users\sam\Desktop\user\Pictures\Pattern_Image\1 (1).jpg,C:\Users\sam\Desktop\user\Pictures\Pattern_Image\1.jpg,54.174184799194336
C:\Users\sam\Desktop\user\Pictures\Pattern_Image\1 (10).jpg,C:\Users\sam\Desktop\user\Pictures\Pattern_Image\1.jpg,39.76377844810486
C:\Users\sam\Desktop\user\Pictures\Pattern_Image\1 (100).jpg,C:\Users\sam\Desktop\user\Pictures\Pattern_Image\1.jpg,21.090219914913177
C:\Users\sam\Desktop\user\Pictures\Pattern_Image\1 (101).jpg,C:\Users\sam\Desktop\user\Pictures\Pattern_Image\1.jpg,26.24196708202362
C:\Users\sam\Desktop\user\Pictures\Pattern_Image\1 (102).jpg,C:\Users\sam\Desktop\user\Pictures\Pattern_Image\1.jpg,26.369407773017883
C:\Users\sam\Desktop\user\Pictures\Pattern_Image\1 (103).jpg,C:\Users\sam\Desktop\user\Pictures\Pattern_Image\1.jpg,32.79324769973755
C:\Users\sam\Desktop\user\Pictures\Pattern_Image\1 (104).jpg,C:\Users\sam\Desktop\user\Pictures\Pattern_Image\1.jpg,25.41051208972931
C:\Users\sam\Desktop\user\Pictures\Pattern_Image\1 (105).jpg,C:\Users\sam\Desktop\user\Pictures\Pattern_Image\1.jpg,24.741311371326447
C:\Users\sam\Desktop\user\Pictures\Pattern_Image\1 (106).jpg,C:\Users\sam\Desktop\user\Pictures\Pattern_Image\1.jpg,30.730509757995605
C:\Users\sam\Desktop\user\Pictures\Pattern_Image\1 (107).jpg,C:\Users\sam\Desktop\user\Pictures\Pattern_Image\1.jpg,38.537102937698364
C:\Users\sam\Desktop\user\Pictures\Pattern_Image\1 (108).jpg,C:\Users\sam\Desktop\user\Pictures\Pattern_Image\1.jpg,42.41848886013031
C:\Users\sam\Desktop\user\Pictures\Pattern_Image\1 (109).jpg,C:\Users\sam\Desktop\user\Pictures\Pattern_Image\1.jpg,33.444565534591675
C:\Users\sam\Desktop\user\Pictures\Pattern_Image\1 (11).jpg,C:\Users\sam\Desktop\user\Pictures\Pattern_Image\1.jpg,56.09118938446045
C:\Users\sam\Desktop\user\Pictures\Pattern_Image\1 (110).jpg,C:\Users\sam\Desktop\user\Pictures\Pattern_Image\1.jpg,31.436002254486084
C:\Users\sam\Desktop\user\Pictures\Pattern_Image\1 (111).jpg,C:\Users\sam\Desktop\user\Pictures\Pattern_Image\1.jpg,31.673908233642578
C:\Users\sam\Desktop\user\Pictures\Pattern_Image\1 (112).jpg,C:\Users\sam\Desktop\user\Pictures\Pattern_Image\1.jpg,34.829553961753845
C:\Users\sam\Desktop\user\Pictures\Pattern_Image\1 (113).jpg,C:\Users\sam\Desktop\user\Pictures\Pattern_Image\1.jpg,40.89944064617157
C:\Users\sam\Desktop\user\Pictures\Pattern_Image\1 (114).jpg,C:\Users\sam\Desktop\user\Pictures\Pattern_Image\1.jpg,33.72286856174469
C:\Users\sam\Desktop\user\Pictures\Pattern_Image\1 (115).jpg,C:\Users\sam\Desktop\user\Pictures\Pattern_Image\1.jpg,69.87696290016174
C:\Users\sam\Desktop\user\Pictures\Pattern_Image\1 (116).jpg,C:\Users\sam\Desktop\user\Pictures\Pattern_Image\1.jpg,36.79008185863495
C:\Users\sam\Desktop\user\Pictures\Pattern_Image\1 (117).jpg,C:\Users\sam\Desktop\user\Pictures\Pattern_Image\1.jpg,55.990201234817505
C:\Users\sam\Desktop\user\Pictures\Pattern_Image\1 (118).jpg,C:\Users\sam\Desktop\user\Pictures\Pattern_Image\1.jpg,40.78421592712402
C:\Users\sam\Desktop\user\Pictures\Pattern_Image\1 (119).jpg,C:\Users\sam\Desktop\user\Pictures\Pattern_Image\1.jpg,30.65735101699829
C:\Users\sam\Desktop\user\Pictures\Pattern_Image\1 (12).jpg,C:\Users\sam\Desktop\user\Pictures\Pattern_Image\1.jpg,49.608832597732544
C:\Users\sam\Desktop\user\Pictures\Pattern_Image\1 (120).jpg,C:\Users\sam\Desktop\user\Pictures\Pattern_Image\1.jpg,42.1179860830307
C:\Users\sam\Desktop\user\Pictures\Pattern_Image\1 (121).jpg,C:\Users\sam\Desktop\user\Pictures\Pattern_Image\1.jpg,58.75839591026306
C:\Users\sam\Desktop\user\Pictures\Pattern_Image\1 (122).jpg,C:\Users\sam\Desktop\user\Pictures\Pattern_Image\1.jpg,51.35651230812073
C:\Users\sam\Desktop\user\Pictures\Pattern_Image\1 (123).jpg,C:\Users\sam\Desktop\user\Pictures\Pattern_Image\1.jpg,53.02360653877258
C:\Users\sam\Desktop\user\Pictures\Pattern_Image\1 (124).jpg,C:\Users\sam\Desktop\user\Pictures\Pattern_Image\1.jpg,46.270689368247986
C:\Users\sam\Desktop\user\Pictures\Pattern_Image\1 (125).jpg,C:\Users\sam\Desktop\user\Pictures\Pattern_Image\1.jpg,50.63984394073486
C:\Users\sam\Desktop\user\Pictures\Pattern_Image\1 (126).jpg,C:\Users\sam\Desktop\user\Pictures\Pattern_Image\1.jpg,49.47032630443573
C:\Users\sam\Desktop\user\Pictures\Pattern_Image\1 (127).jpg,C:\Users\sam\Desktop\user\Pictures\Pattern_Image\1.jpg,62.00926899909973
C:\Users\sam\Desktop\user\Pictures\Pattern_Image\1 (128).jpg,C:\Users\sam\Desktop\user\Pictures\Pattern_Image\1.jpg,59.83758568763733
C:\Users\sam\Desktop\user\Pictures\Pattern_Image\1 (129).jpg,C:\Users\sam\Desktop\user\Pictures\Pattern_Image\1.jpg,52.49354839324951
C:\Users\sam\Desktop\user\Pictures\Pattern_Image\1 (13).jpg,C:\Users\sam\Desktop\user\Pictures\Pattern_Image\1.jpg,43.203458189964294
C:\Users\sam\Desktop\user\Pictures\Pattern_Image\1 (130).jpg,C:\Users\sam\Desktop\user\Pictures\Pattern_Image\1.jpg,44.830915331840515
C:\Users\sam\Desktop\user\Pictures\Pattern_Image\1 (131).jpg,C:\Users\sam\Desktop\user\Pictures\Pattern_Image\1.jpg,49.39637780189514
C:\Users\sam\Desktop\user\Pictures\Pattern_Image\1 (132).jpg,C:\Users\sam\Desktop\user\Pictures\Pattern_Image\1.jpg,54.175353050231934
C:\Users\sam\Desktop\user\Pictures\Pattern_Image\1 (133).jpg,C:\Users\sam\Desktop\user\Pictures\Pattern_Image\1.jpg,42.167845368385315
C:\Users\sam\Desktop\user\Pictures\Pattern_Image\1 (134).jpg,C:\Users\sam\Desktop\user\Pictures\Pattern_Image\1.jpg,49.430349469184875
C:\Users\sam\Desktop\user\Pictures\Pattern_Image\1 (135).jpg,C:\Users\sam\Desktop\user\Pictures\Pattern_Image\1.jpg,44.877880811691284
C:\Users\sam\Desktop\user\Pictures\Pattern_Image\1 (136).jpg,C:\Users\sam\Desktop\user\Pictures\Pattern_Image\1.jpg,44.354432821273804
C:\Users\sam\Desktop\user\Pictures\Pattern_Image\1 (137).jpg,C:\Users\sam\Desktop\user\Pictures\Pattern_Image\1.jpg,76.02785229682922
C:\Users\sam\Desktop\user\Pictures\Pattern_Image\1 (138).jpg,C:\Users\sam\Desktop\user\Pictures\Pattern_Image\1.jpg,42.7907794713974
C:\Users\sam\Desktop\user\Pictures\Pattern_Image\1 (139).jpg,C:\Users\sam\Desktop\user\Pictures\Pattern_Image\1.jpg,70.35459280014038
C:\Users\sam\Desktop\user\Pictures\Pattern_Image\1 (14).jpg,C:\Users\sam\Desktop\user\Pictures\Pattern_Image\1.jpg,37.97580301761627
C:\Users\sam\Desktop\user\Pictures\Pattern_Image\1 (140).jpg,C:\Users\sam\Desktop\user\Pictures\Pattern_Image\1.jpg,46.577298641204834
C:\Users\sam\Desktop\user\Pictures\Pattern_Image\1 (141).jpg,C:\Users\sam\Desktop\user\Pictures\Pattern_Image\1.jpg,61.651891469955444
C:\Users\sam\Desktop\user\Pictures\Pattern_Image\1 (142).jpg,C:\Users\sam\Desktop\user\Pictures\Pattern_Image\1.jpg,52.17471122741699
C:\Users\sam\Desktop\user\Pictures\Pattern_Image\1 (143).jpg,C:\Users\sam\Desktop\user\Pictures\Pattern_Image\1.jpg,53.81826162338257
C:\Users\sam\Desktop\user\Pictures\Pattern_Image\1 (144).jpg,C:\Users\sam\Desktop\user\Pictures\Pattern_Image\1.jpg,45.87606191635132
C:\Users\sam\Desktop\user\Pictures\Pattern_Image\1 (145).jpg,C:\Users\sam\Desktop\user\Pictures\Pattern_Image\1.jpg,44.805142283439636
C:\Users\sam\Desktop\user\Pictures\Pattern_Image\1 (146).jpg,C:\Users\sam\Desktop\user\Pictures\Pattern_Image\1.jpg,34.43440496921539
C:\Users\sam\Desktop\user\Pictures\Pattern_Image\1 (147).jpg,C:\Users\sam\Desktop\user\Pictures\Pattern_Image\1.jpg,63.990914821624756
C:\Users\sam\Desktop\user\Pictures\Pattern_Image\1 (148).jpg,C:\Users\sam\Desktop\user\Pictures\Pattern_Image\1.jpg,43.892112374305725
C:\Users\sam\Desktop\user\Pictures\Pattern_Image\1 (149).jpg,C:\Users\sam\Desktop\user\Pictures\Pattern_Image\1.jpg,42.1686977148056
C:\Users\sam\Desktop\user\Pictures\Pattern_Image\1 (15).jpg,C:\Users\sam\Desktop\user\Pictures\Pattern_Image\1.jpg,37.13459372520447
C:\Users\sam\Desktop\user\Pictures\Pattern_Image\1 (150).jpg,C:\Users\sam\Desktop\user\Pictures\Pattern_Image\1.jpg,48.77497851848602
C:\Users\sam\Desktop\user\Pictures\Pattern_Image\1 (151).jpg,C:\Users\sam\Desktop\user\Pictures\Pattern_Image\1.jpg,40.84085524082184
C:\Users\sam\Desktop\user\Pictures\Pattern_Image\1 (152).jpg,C:\Users\sam\Desktop\user\Pictures\Pattern_Image\1.jpg,48.23854863643646
C:\Users\sam\Desktop\user\Pictures\Pattern_Image\1 (153).jpg,C:\Users\sam\Desktop\user\Pictures\Pattern_Image\1.jpg,42.01403558254242
C:\Users\sam\Desktop\user\Pictures\Pattern_Image\1 (154).jpg,C:\Users\sam\Desktop\user\Pictures\Pattern_Image\1.jpg,31.537902355194092
C:\Users\sam\Desktop\user\Pictures\Pattern_Image\1 (155).jpg,C:\Users\sam\Desktop\user\Pictures\Pattern_Image\1.jpg,47.722822427749634
C:\Users\sam\Desktop\user\Pictures\Pattern_Image\1 (156).jpg,C:\Users\sam\Desktop\user\Pictures\Pattern_Image\1.jpg,70.65576910972595
C:\Users\sam\Desktop\user\Pictures\Pattern_Image\1 (157).jpg,C:\Users\sam\Desktop\user\Pictures\Pattern_Image\1.jpg,41.89918637275696
C:\Users\sam\Desktop\user\Pictures\Pattern_Image\1 (158).jpg,C:\Users\sam\Desktop\user\Pictures\Pattern_Image\1.jpg,53.46184968948364
C:\Users\sam\Desktop\user\Pictures\Pattern_Image\1 (159).jpg,C:\Users\sam\Desktop\user\Pictures\Pattern_Image\1.jpg,34.1776967048645
C:\Users\sam\Desktop\user\Pictures\Pattern_Image\1 (16).jpg,C:\Users\sam\Desktop\user\Pictures\Pattern_Image\1.jpg,43.34017634391785
C:\Users\sam\Desktop\user\Pictures\Pattern_Image\1 (160).jpg,C:\Users\sam\Desktop\user\Pictures\Pattern_Image\1.jpg,48.60840141773224
C:\Users\sam\Desktop\user\Pictures\Pattern_Image\1 (161).jpg,C:\Users\sam\Desktop\user\Pictures\Pattern_Image\1.jpg,45.80591022968292
C:\Users\sam\Desktop\user\Pictures\Pattern_Image\1 (162).jpg,C:\Users\sam\Desktop\user\Pictures\Pattern_Image\1.jpg,45.188069343566895
C:\Users\sam\Desktop\user\Pictures\Pattern_Image\1 (163).jpg,C:\Users\sam\Desktop\user\Pictures\Pattern_Image\1.jpg,45.77309489250183
C:\Users\sam\Desktop\user\Pictures\Pattern_Image\1 (164).jpg,C:\Users\sam\Desktop\user\Pictures\Pattern_Image\1.jpg,69.34059262275696
C:\Users\sam\Desktop\user\Pictures\Pattern_Image\1 (165).jpg,C:\Users\sam\Desktop\user\Pictures\Pattern_Image\1.jpg,63.82250189781189
C:\Users\sam\Desktop\user\Pictures\Pattern_Image\1 (166).jpg,C:\Users\sam\Desktop\user\Pictures\Pattern_Image\1.jpg,30.572938919067383
C:\Users\sam\Desktop\user\Pictures\Pattern_Image\1 (167).jpg,C:\Users\sam\Desktop\user\Pictures\Pattern_Image\1.jpg,35.09640395641327
C:\Users\sam\Desktop\user\Pictures\Pattern_Image\1 (168).jpg,C:\Users\sam\Desktop\user\Pictures\Pattern_Image\1.jpg,43.72014105319977
C:\Users\sam\Desktop\user\Pictures\Pattern_Image\1 (169).jpg,C:\Users\sam\Desktop\user\Pictures\Pattern_Image\1.jpg,65.01467227935791
C:\Users\sam\Desktop\user\Pictures\Pattern_Image\1 (17).jpg,C:\Users\sam\Desktop\user\Pictures\Pattern_Image\1.jpg,49.19658899307251
C:\Users\sam\Desktop\user\Pictures\Pattern_Image\1 (170).jpg,C:\Users\sam\Desktop\user\Pictures\Pattern_Image\1.jpg,37.87110447883606
C:\Users\sam\Desktop\user\Pictures\Pattern_Image\1 (171).jpg,C:\Users\sam\Desktop\user\Pictures\Pattern_Image\1.jpg,54.3440580368042
C:\Users\sam\Desktop\user\Pictures\Pattern_Image\1 (172).jpg,C:\Users\sam\Desktop\user\Pictures\Pattern_Image\1.jpg,44.693559408187866
C:\Users\sam\Desktop\user\Pictures\Pattern_Image\1 (173).jpg,C:\Users\sam\Desktop\user\Pictures\Pattern_Image\1.jpg,49.491265416145325
C:\Users\sam\Desktop\user\Pictures\Pattern_Image\1 (174).jpg,C:\Users\sam\Desktop\user\Pictures\Pattern_Image\1.jpg,42.22835898399353
C:\Users\sam\Desktop\user\Pictures\Pattern_Image\1 (175).jpg,C:\Users\sam\Desktop\user\Pictures\Pattern_Image\1.jpg,55.009204149246216
C:\Users\sam\Desktop\user\Pictures\Pattern_Image\1 (176).jpg,C:\Users\sam\Desktop\user\Pictures\Pattern_Image\1.jpg,54.65662479400635
C:\Users\sam\Desktop\user\Pictures\Pattern_Image\1 (177).jpg,C:\Users\sam\Desktop\user\Pictures\Pattern_Image\1.jpg,57.13534355163574
C:\Users\sam\Desktop\user\Pictures\Pattern_Image\1 (178).jpg,C:\Users\sam\Desktop\user\Pictures\Pattern_Image\1.jpg,58.168959617614746
C:\Users\sam\Desktop\user\Pictures\Pattern_Image\1 (179).jpg,C:\Users\sam\Desktop\user\Pictures\Pattern_Image\1.jpg,33.658602833747864
C:\Users\sam\Desktop\user\Pictures\Pattern_Image\1 (18).jpg,C:\Users\sam\Desktop\user\Pictures\Pattern_Image\1.jpg,48.19793701171875
C:\Users\sam\Desktop\user\Pictures\Pattern_Image\1 (180).jpg,C:\Users\sam\Desktop\user\Pictures\Pattern_Image\1.jpg,48.26464056968689
C:\Users\sam\Desktop\user\Pictures\Pattern_Image\1 (181).jpg,C:\Users\sam\Desktop\user\Pictures\Pattern_Image\1.jpg,54.38627004623413
C:\Users\sam\Desktop\user\Pictures\Pattern_Image\1 (182).jpg,C:\Users\sam\Desktop\user\Pictures\Pattern_Image\1.jpg,47.3018616437912
C:\Users\sam\Desktop\user\Pictures\Pattern_Image\1 (183).jpg,C:\Users\sam\Desktop\user\Pictures\Pattern_Image\1.jpg,60.715484619140625
C:\Users\sam\Desktop\user\Pictures\Pattern_Image\1 (184).jpg,C:\Users\sam\Desktop\user\Pictures\Pattern_Image\1.jpg,41.121694445610046
C:\Users\sam\Desktop\user\Pictures\Pattern_Image\1 (185).jpg,C:\Users\sam\Desktop\user\Pictures\Pattern_Image\1.jpg,37.626710534095764
C:\Users\sam\Desktop\user\Pictures\Pattern_Image\1 (186).jpg,C:\Users\sam\Desktop\user\Pictures\Pattern_Image\1.jpg,42.7653431892395
C:\Users\sam\Desktop\user\Pictures\Pattern_Image\1 (187).jpg,C:\Users\sam\Desktop\user\Pictures\Pattern_Image\1.jpg,45.98628580570221
C:\Users\sam\Desktop\user\Pictures\Pattern_Image\1 (188).jpg,C:\Users\sam\Desktop\user\Pictures\Pattern_Image\1.jpg,59.0349018573761
C:\Users\sam\Desktop\user\Pictures\Pattern_Image\1 (189).jpg,C:\Users\sam\Desktop\user\Pictures\Pattern_Image\1.jpg,19.068337976932526
C:\Users\sam\Desktop\user\Pictures\Pattern_Image\1 (19).jpg,C:\Users\sam\Desktop\user\Pictures\Pattern_Image\1.jpg,55.37736415863037
C:\Users\sam\Desktop\user\Pictures\Pattern_Image\1 (190).jpg,C:\Users\sam\Desktop\user\Pictures\Pattern_Image\1.jpg,16.79915338754654
C:\Users\sam\Desktop\user\Pictures\Pattern_Image\1 (191).jpg,C:\Users\sam\Desktop\user\Pictures\Pattern_Image\1.jpg,25.25191307067871
C:\Users\sam\Desktop\user\Pictures\Pattern_Image\1 (192).jpg,C:\Users\sam\Desktop\user\Pictures\Pattern_Image\1.jpg,27.083835005760193
C:\Users\sam\Desktop\user\Pictures\Pattern_Image\1 (193).jpg,C:\Users\sam\Desktop\user\Pictures\Pattern_Image\1.jpg,57.66677260398865
C:\Users\sam\Desktop\user\Pictures\Pattern_Image\1 (194).jpg,C:\Users\sam\Desktop\user\Pictures\Pattern_Image\1.jpg,36.43107712268829
C:\Users\sam\Desktop\user\Pictures\Pattern_Image\1 (195).jpg,C:\Users\sam\Desktop\user\Pictures\Pattern_Image\1.jpg,37.76620626449585
C:\Users\sam\Desktop\user\Pictures\Pattern_Image\1 (196).jpg,C:\Users\sam\Desktop\user\Pictures\Pattern_Image\1.jpg,57.65475630760193
C:\Users\sam\Desktop\user\Pictures\Pattern_Image\1 (197).jpg,C:\Users\sam\Desktop\user\Pictures\Pattern_Image\1.jpg,38.26240003108978
C:\Users\sam\Desktop\user\Pictures\Pattern_Image\1 (198).jpg,C:\Users\sam\Desktop\user\Pictures\Pattern_Image\1.jpg,37.1900349855423
C:\Users\sam\Desktop\user\Pictures\Pattern_Image\1 (199).jpg,C:\Users\sam\Desktop\user\Pictures\Pattern_Image\1.jpg,21.368512511253357
C:\Users\sam\Desktop\user\Pictures\Pattern_Image\1 (2).jpg,C:\Users\sam\Desktop\user\Pictures\Pattern_Image\1.jpg,30.41861355304718
C:\Users\sam\Desktop\user\Pictures\Pattern_Image\1 (20).jpg,C:\Users\sam\Desktop\user\Pictures\Pattern_Image\1.jpg,35.159435868263245
C:\Users\sam\Desktop\user\Pictures\Pattern_Image\1 (200).jpg,C:\Users\sam\Desktop\user\Pictures\Pattern_Image\1.jpg,39.29932415485382
C:\Users\sam\Desktop\user\Pictures\Pattern_Image\1 (201).jpg,C:\Users\sam\Desktop\user\Pictures\Pattern_Image\1.jpg,41.94945991039276
C:\Users\sam\Desktop\user\Pictures\Pattern_Image\1 (202).jpg,C:\Users\sam\Desktop\user\Pictures\Pattern_Image\1.jpg,35.69149374961853
C:\Users\sam\Desktop\user\Pictures\Pattern_Image\1 (203).jpg,C:\Users\sam\Desktop\user\Pictures\Pattern_Image\1.jpg,38.80579173564911
C:\Users\sam\Desktop\user\Pictures\Pattern_Image\1 (204).jpg,C:\Users\sam\Desktop\user\Pictures\Pattern_Image\1.jpg,28.08862030506134
C:\Users\sam\Desktop\user\Pictures\Pattern_Image\1 (205).jpg,C:\Users\sam\Desktop\user\Pictures\Pattern_Image\1.jpg,40.06912410259247
C:\Users\sam\Desktop\user\Pictures\Pattern_Image\1 (206).jpg,C:\Users\sam\Desktop\user\Pictures\Pattern_Image\1.jpg,44.93350088596344
C:\Users\sam\Desktop\user\Pictures\Pattern_Image\1 (207).jpg,C:\Users\sam\Desktop\user\Pictures\Pattern_Image\1.jpg,42.944347858428955
C:\Users\sam\Desktop\user\Pictures\Pattern_Image\1 (208).jpg,C:\Users\sam\Desktop\user\Pictures\Pattern_Image\1.jpg,42.75311529636383
C:\Users\sam\Desktop\user\Pictures\Pattern_Image\1 (209).jpg,C:\Users\sam\Desktop\user\Pictures\Pattern_Image\1.jpg,35.153692960739136
C:\Users\sam\Desktop\user\Pictures\Pattern_Image\1 (21).jpg,C:\Users\sam\Desktop\user\Pictures\Pattern_Image\1.jpg,35.18015444278717
C:\Users\sam\Desktop\user\Pictures\Pattern_Image\1 (210).jpg,C:\Users\sam\Desktop\user\Pictures\Pattern_Image\1.jpg,59.936732053756714
C:\Users\sam\Desktop\user\Pictures\Pattern_Image\1 (211).jpg,C:\Users\sam\Desktop\user\Pictures\Pattern_Image\1.jpg,44.23551857471466
C:\Users\sam\Desktop\user\Pictures\Pattern_Image\1 (212).jpg,C:\Users\sam\Desktop\user\Pictures\Pattern_Image\1.jpg,46.149370074272156
C:\Users\sam\Desktop\user\Pictures\Pattern_Image\1 (213).jpg,C:\Users\sam\Desktop\user\Pictures\Pattern_Image\1.jpg,26.852065324783325
C:\Users\sam\Desktop\user\Pictures\Pattern_Image\1 (214).jpg,C:\Users\sam\Desktop\user\Pictures\Pattern_Image\1.jpg,30.798259377479553
C:\Users\sam\Desktop\user\Pictures\Pattern_Image\1 (215).jpg,C:\Users\sam\Desktop\user\Pictures\Pattern_Image\1.jpg,43.08763146400452
C:\Users\sam\Desktop\user\Pictures\Pattern_Image\1 (216).jpg,C:\Users\sam\Desktop\user\Pictures\Pattern_Image\1.jpg,29.681888222694397
C:\Users\sam\Desktop\user\Pictures\Pattern_Image\1 (217).jpg,C:\Users\sam\Desktop\user\Pictures\Pattern_Image\1.jpg,47.74883687496185
C:\Users\sam\Desktop\user\Pictures\Pattern_Image\1 (218).jpg,C:\Users\sam\Desktop\user\Pictures\Pattern_Image\1.jpg,38.78646492958069
C:\Users\sam\Desktop\user\Pictures\Pattern_Image\1 (219).jpg,C:\Users\sam\Desktop\user\Pictures\Pattern_Image\1.jpg,33.15868079662323
C:\Users\sam\Desktop\user\Pictures\Pattern_Image\1 (22).jpg,C:\Users\sam\Desktop\user\Pictures\Pattern_Image\1.jpg,40.184783935546875
C:\Users\sam\Desktop\user\Pictures\Pattern_Image\1 (220).jpg,C:\Users\sam\Desktop\user\Pictures\Pattern_Image\1.jpg,38.611963391304016
C:\Users\sam\Desktop\user\Pictures\Pattern_Image\1 (221).jpg,C:\Users\sam\Desktop\user\Pictures\Pattern_Image\1.jpg,53.958237171173096
C:\Users\sam\Desktop\user\Pictures\Pattern_Image\1 (222).jpg,C:\Users\sam\Desktop\user\Pictures\Pattern_Image\1.jpg,32.64643847942352
C:\Users\sam\Desktop\user\Pictures\Pattern_Image\1 (223).jpg,C:\Users\sam\Desktop\user\Pictures\Pattern_Image\1.jpg,38.048213720321655
C:\Users\sam\Desktop\user\Pictures\Pattern_Image\1 (224).jpg,C:\Users\sam\Desktop\user\Pictures\Pattern_Image\1.jpg,42.69244074821472
C:\Users\sam\Desktop\user\Pictures\Pattern_Image\1 (225).jpg,C:\Users\sam\Desktop\user\Pictures\Pattern_Image\1.jpg,64.13254141807556
C:\Users\sam\Desktop\user\Pictures\Pattern_Image\1 (226).jpg,C:\Users\sam\Desktop\user\Pictures\Pattern_Image\1.jpg,30.32689392566681
C:\Users\sam\Desktop\user\Pictures\Pattern_Image\1 (227).jpg,C:\Users\sam\Desktop\user\Pictures\Pattern_Image\1.jpg,55.789804458618164
C:\Users\sam\Desktop\user\Pictures\Pattern_Image\1 (228).jpg,C:\Users\sam\Desktop\user\Pictures\Pattern_Image\1.jpg,19.776055216789246
C:\Users\sam\Desktop\user\Pictures\Pattern_Image\1 (229).jpg,C:\Users\sam\Desktop\user\Pictures\Pattern_Image\1.jpg,48.49409461021423
C:\Users\sam\Desktop\user\Pictures\Pattern_Image\1 (23).jpg,C:\Users\sam\Desktop\user\Pictures\Pattern_Image\1.jpg,55.7390034198761
C:\Users\sam\Desktop\user\Pictures\Pattern_Image\1 (230).jpg,C:\Users\sam\Desktop\user\Pictures\Pattern_Image\1.jpg,35.3112518787384
C:\Users\sam\Desktop\user\Pictures\Pattern_Image\1 (231).jpg,C:\Users\sam\Desktop\user\Pictures\Pattern_Image\1.jpg,39.971521496772766
C:\Users\sam\Desktop\user\Pictures\Pattern_Image\1 (232).jpg,C:\Users\sam\Desktop\user\Pictures\Pattern_Image\1.jpg,54.99674081802368
C:\Users\sam\Desktop\user\Pictures\Pattern_Image\1 (233).jpg,C:\Users\sam\Desktop\user\Pictures\Pattern_Image\1.jpg,51.9627571105957
C:\Users\sam\Desktop\user\Pictures\Pattern_Image\1 (234).jpg,C:\Users\sam\Desktop\user\Pictures\Pattern_Image\1.jpg,42.987775802612305
C:\Users\sam\Desktop\user\Pictures\Pattern_Image\1 (235).jpg,C:\Users\sam\Desktop\user\Pictures\Pattern_Image\1.jpg,55.21569848060608
C:\Users\sam\Desktop\user\Pictures\Pattern_Image\1 (236).jpg,C:\Users\sam\Desktop\user\Pictures\Pattern_Image\1.jpg,46.528518199920654
C:\Users\sam\Desktop\user\Pictures\Pattern_Image\1 (237).jpg,C:\Users\sam\Desktop\user\Pictures\Pattern_Image\1.jpg,69.06371712684631
C:\Users\sam\Desktop\user\Pictures\Pattern_Image\1 (238).jpg,C:\Users\sam\Desktop\user\Pictures\Pattern_Image\1.jpg,55.5506706237793
C:\Users\sam\Desktop\user\Pictures\Pattern_Image\1 (239).jpg,C:\Users\sam\Desktop\user\Pictures\Pattern_Image\1.jpg,33.458465337753296
C:\Users\sam\Desktop\user\Pictures\Pattern_Image\1 (24).jpg,C:\Users\sam\Desktop\user\Pictures\Pattern_Image\1.jpg,45.99251449108124
C:\Users\sam\Desktop\user\Pictures\Pattern_Image\1 (240).jpg,C:\Users\sam\Desktop\user\Pictures\Pattern_Image\1.jpg,44.29718554019928
C:\Users\sam\Desktop\user\Pictures\Pattern_Image\1 (241).jpg,C:\Users\sam\Desktop\user\Pictures\Pattern_Image\1.jpg,57.150715589523315
C:\Users\sam\Desktop\user\Pictures\Pattern_Image\1 (242).jpg,C:\Users\sam\Desktop\user\Pictures\Pattern_Image\1.jpg,56.69165849685669
C:\Users\sam\Desktop\user\Pictures\Pattern_Image\1 (243).jpg,C:\Users\sam\Desktop\user\Pictures\Pattern_Image\1.jpg,41.300466656684875
C:\Users\sam\Desktop\user\Pictures\Pattern_Image\1 (244).jpg,C:\Users\sam\Desktop\user\Pictures\Pattern_Image\1.jpg,47.42177724838257
C:\Users\sam\Desktop\user\Pictures\Pattern_Image\1 (245).jpg,C:\Users\sam\Desktop\user\Pictures\Pattern_Image\1.jpg,42.655131220817566
C:\Users\sam\Desktop\user\Pictures\Pattern_Image\1 (246).jpg,C:\Users\sam\Desktop\user\Pictures\Pattern_Image\1.jpg,48.056602478027344
C:\Users\sam\Desktop\user\Pictures\Pattern_Image\1 (247).jpg,C:\Users\sam\Desktop\user\Pictures\Pattern_Image\1.jpg,43.31293702125549
C:\Users\sam\Desktop\user\Pictures\Pattern_Image\1 (248).jpg,C:\Users\sam\Desktop\user\Pictures\Pattern_Image\1.jpg,46.82059288024902
C:\Users\sam\Desktop\user\Pictures\Pattern_Image\1 (249).jpg,C:\Users\sam\Desktop\user\Pictures\Pattern_Image\1.jpg,45.93111276626587
C:\Users\sam\Desktop\user\Pictures\Pattern_Image\1 (25).jpg,C:\Users\sam\Desktop\user\Pictures\Pattern_Image\1.jpg,24.692343175411224
C:\Users\sam\Desktop\user\Pictures\Pattern_Image\1 (250).jpg,C:\Users\sam\Desktop\user\Pictures\Pattern_Image\1.jpg,45.0080007314682
C:\Users\sam\Desktop\user\Pictures\Pattern_Image\1 (251).jpg,C:\Users\sam\Desktop\user\Pictures\Pattern_Image\1.jpg,57.26578235626221
C:\Users\sam\Desktop\user\Pictures\Pattern_Image\1 (252).jpg,C:\Users\sam\Desktop\user\Pictures\Pattern_Image\1.jpg,64.58113193511963
C:\Users\sam\Desktop\user\Pictures\Pattern_Image\1 (253).jpg,C:\Users\sam\Desktop\user\Pictures\Pattern_Image\1.jpg,41.947153210639954
C:\Users\sam\Desktop\user\Pictures\Pattern_Image\1 (254).jpg,C:\Users\sam\Desktop\user\Pictures\Pattern_Image\1.jpg,42.61994957923889
C:\Users\sam\Desktop\user\Pictures\Pattern_Image\1 (255).jpg,C:\Users\sam\Desktop\user\Pictures\Pattern_Image\1.jpg,50.26962757110596
C:\Users\sam\Desktop\user\Pictures\Pattern_Image\1 (256).jpg,C:\Users\sam\Desktop\user\Pictures\Pattern_Image\1.jpg,43.426668643951416
C:\Users\sam\Desktop\user\Pictures\Pattern_Image\1 (257).jpg,C:\Users\sam\Desktop\user\Pictures\Pattern_Image\1.jpg,50.121092796325684
C:\Users\sam\Desktop\user\Pictures\Pattern_Image\1 (258).jpg,C:\Users\sam\Desktop\user\Pictures\Pattern_Image\1.jpg,55.724334716796875
C:\Users\sam\Desktop\user\Pictures\Pattern_Image\1 (259).jpg,C:\Users\sam\Desktop\user\Pictures\Pattern_Image\1.jpg,47.28407561779022
C:\Users\sam\Desktop\user\Pictures\Pattern_Image\1 (26).jpg,C:\Users\sam\Desktop\user\Pictures\Pattern_Image\1.jpg,44.721922278404236
C:\Users\sam\Desktop\user\Pictures\Pattern_Image\1 (260).jpg,C:\Users\sam\Desktop\user\Pictures\Pattern_Image\1.jpg,46.81762754917145
C:\Users\sam\Desktop\user\Pictures\Pattern_Image\1 (261).jpg,C:\Users\sam\Desktop\user\Pictures\Pattern_Image\1.jpg,51.69932842254639
C:\Users\sam\Desktop\user\Pictures\Pattern_Image\1 (262).jpg,C:\Users\sam\Desktop\user\Pictures\Pattern_Image\1.jpg,35.398608446121216
C:\Users\sam\Desktop\user\Pictures\Pattern_Image\1 (263).jpg,C:\Users\sam\Desktop\user\Pictures\Pattern_Image\1.jpg,60.88607907295227
C:\Users\sam\Desktop\user\Pictures\Pattern_Image\1 (264).jpg,C:\Users\sam\Desktop\user\Pictures\Pattern_Image\1.jpg,49.60569441318512
C:\Users\sam\Desktop\user\Pictures\Pattern_Image\1 (265).jpg,C:\Users\sam\Desktop\user\Pictures\Pattern_Image\1.jpg,46.48746848106384
C:\Users\sam\Desktop\user\Pictures\Pattern_Image\1 (266).jpg,C:\Users\sam\Desktop\user\Pictures\Pattern_Image\1.jpg,46.752363443374634
C:\Users\sam\Desktop\user\Pictures\Pattern_Image\1 (267).jpg,C:\Users\sam\Desktop\user\Pictures\Pattern_Image\1.jpg,46.202218532562256
C:\Users\sam\Desktop\user\Pictures\Pattern_Image\1 (268).jpg,C:\Users\sam\Desktop\user\Pictures\Pattern_Image\1.jpg,53.090494871139526
C:\Users\sam\Desktop\user\Pictures\Pattern_Image\1 (269).jpg,C:\Users\sam\Desktop\user\Pictures\Pattern_Image\1.jpg,41.919878125190735
C:\Users\sam\Desktop\user\Pictures\Pattern_Image\1 (27).jpg,C:\Users\sam\Desktop\user\Pictures\Pattern_Image\1.jpg,67.64054298400879
C:\Users\sam\Desktop\user\Pictures\Pattern_Image\1 (270).jpg,C:\Users\sam\Desktop\user\Pictures\Pattern_Image\1.jpg,58.050668239593506
C:\Users\sam\Desktop\user\Pictures\Pattern_Image\1 (271).jpg,C:\Users\sam\Desktop\user\Pictures\Pattern_Image\1.jpg,52.998435497283936
C:\Users\sam\Desktop\user\Pictures\Pattern_Image\1 (272).jpg,C:\Users\sam\Desktop\user\Pictures\Pattern_Image\1.jpg,59.634584188461304
C:\Users\sam\Desktop\user\Pictures\Pattern_Image\1 (273).jpg,C:\Users\sam\Desktop\user\Pictures\Pattern_Image\1.jpg,45.72281837463379
C:\Users\sam\Desktop\user\Pictures\Pattern_Image\1 (274).jpg,C:\Users\sam\Desktop\user\Pictures\Pattern_Image\1.jpg,44.459423422813416
C:\Users\sam\Desktop\user\Pictures\Pattern_Image\1 (275).jpg,C:\Users\sam\Desktop\user\Pictures\Pattern_Image\1.jpg,29.098811745643616
C:\Users\sam\Desktop\user\Pictures\Pattern_Image\1 (276).jpg,C:\Users\sam\Desktop\user\Pictures\Pattern_Image\1.jpg,30.05392849445343
C:\Users\sam\Desktop\user\Pictures\Pattern_Image\1 (277).jpg,C:\Users\sam\Desktop\user\Pictures\Pattern_Image\1.jpg,26.01320445537567
C:\Users\sam\Desktop\user\Pictures\Pattern_Image\1 (278).jpg,C:\Users\sam\Desktop\user\Pictures\Pattern_Image\1.jpg,70.44016718864441
C:\Users\sam\Desktop\user\Pictures\Pattern_Image\1 (279).jpg,C:\Users\sam\Desktop\user\Pictures\Pattern_Image\1.jpg,60.90275049209595
C:\Users\sam\Desktop\user\Pictures\Pattern_Image\1 (28).jpg,C:\Users\sam\Desktop\user\Pictures\Pattern_Image\1.jpg,43.2849258184433
C:\Users\sam\Desktop\user\Pictures\Pattern_Image\1 (280).jpg,C:\Users\sam\Desktop\user\Pictures\Pattern_Image\1.jpg,69.73755955696106
C:\Users\sam\Desktop\user\Pictures\Pattern_Image\1 (281).jpg,C:\Users\sam\Desktop\user\Pictures\Pattern_Image\1.jpg,55.431145429611206
C:\Users\sam\Desktop\user\Pictures\Pattern_Image\1 (282).jpg,C:\Users\sam\Desktop\user\Pictures\Pattern_Image\1.jpg,53.60621213912964
C:\Users\sam\Desktop\user\Pictures\Pattern_Image\1 (283).jpg,C:\Users\sam\Desktop\user\Pictures\Pattern_Image\1.jpg,36.90469563007355
C:\Users\sam\Desktop\user\Pictures\Pattern_Image\1 (284).jpg,C:\Users\sam\Desktop\user\Pictures\Pattern_Image\1.jpg,44.857725501060486
C:\Users\sam\Desktop\user\Pictures\Pattern_Image\1 (285).jpg,C:\Users\sam\Desktop\user\Pictures\Pattern_Image\1.jpg,41.302865743637085
C:\Users\sam\Desktop\user\Pictures\Pattern_Image\1 (286).jpg,C:\Users\sam\Desktop\user\Pictures\Pattern_Image\1.jpg,69.50544118881226
C:\Users\sam\Desktop\user\Pictures\Pattern_Image\1 (287).jpg,C:\Users\sam\Desktop\user\Pictures\Pattern_Image\1.jpg,50.99560022354126
C:\Users\sam\Desktop\user\Pictures\Pattern_Image\1 (288).jpg,C:\Users\sam\Desktop\user\Pictures\Pattern_Image\1.jpg,65.5000627040863
C:\Users\sam\Desktop\user\Pictures\Pattern_Image\1 (289).jpg,C:\Users\sam\Desktop\user\Pictures\Pattern_Image\1.jpg,74.72721934318542
C:\Users\sam\Desktop\user\Pictures\Pattern_Image\1 (29).jpg,C:\Users\sam\Desktop\user\Pictures\Pattern_Image\1.jpg,30.47625720500946
C:\Users\sam\Desktop\user\Pictures\Pattern_Image\1 (290).jpg,C:\Users\sam\Desktop\user\Pictures\Pattern_Image\1.jpg,72.63097167015076
C:\Users\sam\Desktop\user\Pictures\Pattern_Image\1 (291).jpg,C:\Users\sam\Desktop\user\Pictures\Pattern_Image\1.jpg,62.65907287597656
C:\Users\sam\Desktop\user\Pictures\Pattern_Image\1 (292).jpg,C:\Users\sam\Desktop\user\Pictures\Pattern_Image\1.jpg,56.30311369895935
C:\Users\sam\Desktop\user\Pictures\Pattern_Image\1 (293).jpg,C:\Users\sam\Desktop\user\Pictures\Pattern_Image\1.jpg,48.69139492511749
C:\Users\sam\Desktop\user\Pictures\Pattern_Image\1 (294).jpg,C:\Users\sam\Desktop\user\Pictures\Pattern_Image\1.jpg,58.75710844993591
C:\Users\sam\Desktop\user\Pictures\Pattern_Image\1 (295).jpg,C:\Users\sam\Desktop\user\Pictures\Pattern_Image\1.jpg,36.84453368186951
C:\Users\sam\Desktop\user\Pictures\Pattern_Image\1 (296).jpg,C:\Users\sam\Desktop\user\Pictures\Pattern_Image\1.jpg,42.30339527130127
C:\Users\sam\Desktop\user\Pictures\Pattern_Image\1 (297).jpg,C:\Users\sam\Desktop\user\Pictures\Pattern_Image\1.jpg,60.48462390899658
C:\Users\sam\Desktop\user\Pictures\Pattern_Image\1 (298).jpg,C:\Users\sam\Desktop\user\Pictures\Pattern_Image\1.jpg,51.60189867019653
C:\Users\sam\Desktop\user\Pictures\Pattern_Image\1 (299).jpg,C:\Users\sam\Desktop\user\Pictures\Pattern_Image\1.jpg,29.551556706428528
C:\Users\sam\Desktop\user\Pictures\Pattern_Image\1 (3).jpg,C:\Users\sam\Desktop\user\Pictures\Pattern_Image\1.jpg,53.14348340034485
C:\Users\sam\Desktop\user\Pictures\Pattern_Image\1 (30).jpg,C:\Users\sam\Desktop\user\Pictures\Pattern_Image\1.jpg,39.080291986465454
C:\Users\sam\Desktop\user\Pictures\Pattern_Image\1 (300).jpg,C:\Users\sam\Desktop\user\Pictures\Pattern_Image\1.jpg,32.37895667552948
C:\Users\sam\Desktop\user\Pictures\Pattern_Image\1 (301).jpg,C:\Users\sam\Desktop\user\Pictures\Pattern_Image\1.jpg,56.40968680381775
C:\Users\sam\Desktop\user\Pictures\Pattern_Image\1 (302).jpg,C:\Users\sam\Desktop\user\Pictures\Pattern_Image\1.jpg,45.04389464855194
C:\Users\sam\Desktop\user\Pictures\Pattern_Image\1 (303).jpg,C:\Users\sam\Desktop\user\Pictures\Pattern_Image\1.jpg,58.78426432609558
C:\Users\sam\Desktop\user\Pictures\Pattern_Image\1 (304).jpg,C:\Users\sam\Desktop\user\Pictures\Pattern_Image\1.jpg,19.018203020095825
C:\Users\sam\Desktop\user\Pictures\Pattern_Image\1 (305).jpg,C:\Users\sam\Desktop\user\Pictures\Pattern_Image\1.jpg,30.94673454761505
C:\Users\sam\Desktop\user\Pictures\Pattern_Image\1 (306).jpg,C:\Users\sam\Desktop\user\Pictures\Pattern_Image\1.jpg,26.678654551506042
C:\Users\sam\Desktop\user\Pictures\Pattern_Image\1 (307).jpg,C:\Users\sam\Desktop\user\Pictures\Pattern_Image\1.jpg,28.471210598945618
C:\Users\sam\Desktop\user\Pictures\Pattern_Image\1 (308).jpg,C:\Users\sam\Desktop\user\Pictures\Pattern_Image\1.jpg,29.178741574287415
C:\Users\sam\Desktop\user\Pictures\Pattern_Image\1 (309).jpg,C:\Users\sam\Desktop\user\Pictures\Pattern_Image\1.jpg,76.13436579704285
C:\Users\sam\Desktop\user\Pictures\Pattern_Image\1 (31).jpg,C:\Users\sam\Desktop\user\Pictures\Pattern_Image\1.jpg,40.8216118812561
C:\Users\sam\Desktop\user\Pictures\Pattern_Image\1 (310).jpg,C:\Users\sam\Desktop\user\Pictures\Pattern_Image\1.jpg,62.647777795791626
C:\Users\sam\Desktop\user\Pictures\Pattern_Image\1 (311).jpg,C:\Users\sam\Desktop\user\Pictures\Pattern_Image\1.jpg,68.60599517822266
C:\Users\sam\Desktop\user\Pictures\Pattern_Image\1 (312).jpg,C:\Users\sam\Desktop\user\Pictures\Pattern_Image\1.jpg,34.944820404052734
C:\Users\sam\Desktop\user\Pictures\Pattern_Image\1 (313).jpg,C:\Users\sam\Desktop\user\Pictures\Pattern_Image\1.jpg,77.34915614128113
C:\Users\sam\Desktop\user\Pictures\Pattern_Image\1 (314).jpg,C:\Users\sam\Desktop\user\Pictures\Pattern_Image\1.jpg,46.80681824684143
C:\Users\sam\Desktop\user\Pictures\Pattern_Image\1 (315).jpg,C:\Users\sam\Desktop\user\Pictures\Pattern_Image\1.jpg,41.07384979724884
C:\Users\sam\Desktop\user\Pictures\Pattern_Image\1 (316).jpg,C:\Users\sam\Desktop\user\Pictures\Pattern_Image\1.jpg,79.67817187309265
C:\Users\sam\Desktop\user\Pictures\Pattern_Image\1 (317).jpg,C:\Users\sam\Desktop\user\Pictures\Pattern_Image\1.jpg,81.72738552093506
C:\Users\sam\Desktop\user\Pictures\Pattern_Image\1 (318).jpg,C:\Users\sam\Desktop\user\Pictures\Pattern_Image\1.jpg,62.87531852722168
C:\Users\sam\Desktop\user\Pictures\Pattern_Image\1 (319).jpg,C:\Users\sam\Desktop\user\Pictures\Pattern_Image\1.jpg,55.24712800979614
C:\Users\sam\Desktop\user\Pictures\Pattern_Image\1 (32).jpg,C:\Users\sam\Desktop\user\Pictures\Pattern_Image\1.jpg,38.36403787136078
C:\Users\sam\Desktop\user\Pictures\Pattern_Image\1 (320).jpg,C:\Users\sam\Desktop\user\Pictures\Pattern_Image\1.jpg,53.94291281700134
C:\Users\sam\Desktop\user\Pictures\Pattern_Image\1 (321).jpg,C:\Users\sam\Desktop\user\Pictures\Pattern_Image\1.jpg,49.19497072696686
C:\Users\sam\Desktop\user\Pictures\Pattern_Image\1 (322).jpg,C:\Users\sam\Desktop\user\Pictures\Pattern_Image\1.jpg,45.146629214286804
C:\Users\sam\Desktop\user\Pictures\Pattern_Image\1 (323).jpg,C:\Users\sam\Desktop\user\Pictures\Pattern_Image\1.jpg,53.766608238220215
C:\Users\sam\Desktop\user\Pictures\Pattern_Image\1 (324).jpg,C:\Users\sam\Desktop\user\Pictures\Pattern_Image\1.jpg,31.3834547996521
C:\Users\sam\Desktop\user\Pictures\Pattern_Image\1 (325).jpg,C:\Users\sam\Desktop\user\Pictures\Pattern_Image\1.jpg,35.49765944480896
C:\Users\sam\Desktop\user\Pictures\Pattern_Image\1 (326).jpg,C:\Users\sam\Desktop\user\Pictures\Pattern_Image\1.jpg,48.43543767929077
C:\Users\sam\Desktop\user\Pictures\Pattern_Image\1 (327).jpg,C:\Users\sam\Desktop\user\Pictures\Pattern_Image\1.jpg,26.73729956150055
C:\Users\sam\Desktop\user\Pictures\Pattern_Image\1 (328).jpg,C:\Users\sam\Desktop\user\Pictures\Pattern_Image\1.jpg,36.642518639564514
C:\Users\sam\Desktop\user\Pictures\Pattern_Image\1 (329).jpg,C:\Users\sam\Desktop\user\Pictures\Pattern_Image\1.jpg,42.07941293716431
C:\Users\sam\Desktop\user\Pictures\Pattern_Image\1 (33).jpg,C:\Users\sam\Desktop\user\Pictures\Pattern_Image\1.jpg,34.749606251716614
C:\Users\sam\Desktop\user\Pictures\Pattern_Image\1 (330).jpg,C:\Users\sam\Desktop\user\Pictures\Pattern_Image\1.jpg,46.76757454872131
C:\Users\sam\Desktop\user\Pictures\Pattern_Image\1 (331).jpg,C:\Users\sam\Desktop\user\Pictures\Pattern_Image\1.jpg,46.946415305137634
C:\Users\sam\Desktop\user\Pictures\Pattern_Image\1 (332).jpg,C:\Users\sam\Desktop\user\Pictures\Pattern_Image\1.jpg,28.741639852523804
C:\Users\sam\Desktop\user\Pictures\Pattern_Image\1 (333).jpg,C:\Users\sam\Desktop\user\Pictures\Pattern_Image\1.jpg,36.275431513786316
C:\Users\sam\Desktop\user\Pictures\Pattern_Image\1 (334).jpg,C:\Users\sam\Desktop\user\Pictures\Pattern_Image\1.jpg,34.11955237388611
C:\Users\sam\Desktop\user\Pictures\Pattern_Image\1 (335).jpg,C:\Users\sam\Desktop\user\Pictures\Pattern_Image\1.jpg,38.97923529148102
C:\Users\sam\Desktop\user\Pictures\Pattern_Image\1 (336).jpg,C:\Users\sam\Desktop\user\Pictures\Pattern_Image\1.jpg,49.19234216213226
C:\Users\sam\Desktop\user\Pictures\Pattern_Image\1 (337).jpg,C:\Users\sam\Desktop\user\Pictures\Pattern_Image\1.jpg,38.653725385665894
C:\Users\sam\Desktop\user\Pictures\Pattern_Image\1 (338).jpg,C:\Users\sam\Desktop\user\Pictures\Pattern_Image\1.jpg,29.655838012695312
C:\Users\sam\Desktop\user\Pictures\Pattern_Image\1 (339).jpg,C:\Users\sam\Desktop\user\Pictures\Pattern_Image\1.jpg,40.58986306190491
C:\Users\sam\Desktop\user\Pictures\Pattern_Image\1 (34).jpg,C:\Users\sam\Desktop\user\Pictures\Pattern_Image\1.jpg,64.74223732948303
C:\Users\sam\Desktop\user\Pictures\Pattern_Image\1 (340).jpg,C:\Users\sam\Desktop\user\Pictures\Pattern_Image\1.jpg,51.97209119796753
C:\Users\sam\Desktop\user\Pictures\Pattern_Image\1 (341).jpg,C:\Users\sam\Desktop\user\Pictures\Pattern_Image\1.jpg,45.35181224346161
C:\Users\sam\Desktop\user\Pictures\Pattern_Image\1 (342).jpg,C:\Users\sam\Desktop\user\Pictures\Pattern_Image\1.jpg,44.349244236946106
C:\Users\sam\Desktop\user\Pictures\Pattern_Image\1 (343).jpg,C:\Users\sam\Desktop\user\Pictures\Pattern_Image\1.jpg,29.078608751296997
C:\Users\sam\Desktop\user\Pictures\Pattern_Image\1 (344).jpg,C:\Users\sam\Desktop\user\Pictures\Pattern_Image\1.jpg,50.775736570358276
C:\Users\sam\Desktop\user\Pictures\Pattern_Image\1 (345).jpg,C:\Users\sam\Desktop\user\Pictures\Pattern_Image\1.jpg,79.01241779327393
C:\Users\sam\Desktop\user\Pictures\Pattern_Image\1 (346).jpg,C:\Users\sam\Desktop\user\Pictures\Pattern_Image\1.jpg,49.70599710941315
C:\Users\sam\Desktop\user\Pictures\Pattern_Image\1 (347).jpg,C:\Users\sam\Desktop\user\Pictures\Pattern_Image\1.jpg,49.65837299823761
C:\Users\sam\Desktop\user\Pictures\Pattern_Image\1 (348).jpg,C:\Users\sam\Desktop\user\Pictures\Pattern_Image\1.jpg,53.81952524185181
C:\Users\sam\Desktop\user\Pictures\Pattern_Image\1 (349).jpg,C:\Users\sam\Desktop\user\Pictures\Pattern_Image\1.jpg,65.9183919429779
C:\Users\sam\Desktop\user\Pictures\Pattern_Image\1 (35).jpg,C:\Users\sam\Desktop\user\Pictures\Pattern_Image\1.jpg,32.077768445014954
C:\Users\sam\Desktop\user\Pictures\Pattern_Image\1 (36).jpg,C:\Users\sam\Desktop\user\Pictures\Pattern_Image\1.jpg,50.223809480667114
C:\Users\sam\Desktop\user\Pictures\Pattern_Image\1 (37).jpg,C:\Users\sam\Desktop\user\Pictures\Pattern_Image\1.jpg,45.908766984939575
C:\Users\sam\Desktop\user\Pictures\Pattern_Image\1 (38).jpg,C:\Users\sam\Desktop\user\Pictures\Pattern_Image\1.jpg,28.922006487846375
C:\Users\sam\Desktop\user\Pictures\Pattern_Image\1 (39).jpg,C:\Users\sam\Desktop\user\Pictures\Pattern_Image\1.jpg,70.67785263061523
C:\Users\sam\Desktop\user\Pictures\Pattern_Image\1 (4).jpg,C:\Users\sam\Desktop\user\Pictures\Pattern_Image\1.jpg,44.853365421295166
C:\Users\sam\Desktop\user\Pictures\Pattern_Image\1 (40).jpg,C:\Users\sam\Desktop\user\Pictures\Pattern_Image\1.jpg,36.75365746021271
C:\Users\sam\Desktop\user\Pictures\Pattern_Image\1 (41).jpg,C:\Users\sam\Desktop\user\Pictures\Pattern_Image\1.jpg,27.870893478393555
C:\Users\sam\Desktop\user\Pictures\Pattern_Image\1 (42).jpg,C:\Users\sam\Desktop\user\Pictures\Pattern_Image\1.jpg,22.53131866455078
C:\Users\sam\Desktop\user\Pictures\Pattern_Image\1 (43).jpg,C:\Users\sam\Desktop\user\Pictures\Pattern_Image\1.jpg,32.379353046417236
C:\Users\sam\Desktop\user\Pictures\Pattern_Image\1 (44).jpg,C:\Users\sam\Desktop\user\Pictures\Pattern_Image\1.jpg,36.452680826187134
C:\Users\sam\Desktop\user\Pictures\Pattern_Image\1 (45).jpg,C:\Users\sam\Desktop\user\Pictures\Pattern_Image\1.jpg,31.933358311653137
C:\Users\sam\Desktop\user\Pictures\Pattern_Image\1 (46).jpg,C:\Users\sam\Desktop\user\Pictures\Pattern_Image\1.jpg,49.01309609413147
C:\Users\sam\Desktop\user\Pictures\Pattern_Image\1 (47).jpg,C:\Users\sam\Desktop\user\Pictures\Pattern_Image\1.jpg,39.87965285778046
C:\Users\sam\Desktop\user\Pictures\Pattern_Image\1 (48).jpg,C:\Users\sam\Desktop\user\Pictures\Pattern_Image\1.jpg,29.173743724822998
C:\Users\sam\Desktop\user\Pictures\Pattern_Image\1 (49).jpg,C:\Users\sam\Desktop\user\Pictures\Pattern_Image\1.jpg,43.17139387130737
C:\Users\sam\Desktop\user\Pictures\Pattern_Image\1 (5).jpg,C:\Users\sam\Desktop\user\Pictures\Pattern_Image\1.jpg,57.642483711242676
C:\Users\sam\Desktop\user\Pictures\Pattern_Image\1 (50).jpg,C:\Users\sam\Desktop\user\Pictures\Pattern_Image\1.jpg,30.812546610832214
C:\Users\sam\Desktop\user\Pictures\Pattern_Image\1 (51).jpg,C:\Users\sam\Desktop\user\Pictures\Pattern_Image\1.jpg,28.62001359462738
C:\Users\sam\Desktop\user\Pictures\Pattern_Image\1 (52).jpg,C:\Users\sam\Desktop\user\Pictures\Pattern_Image\1.jpg,43.596795201301575
C:\Users\sam\Desktop\user\Pictures\Pattern_Image\1 (53).jpg,C:\Users\sam\Desktop\user\Pictures\Pattern_Image\1.jpg,52.44507193565369
C:\Users\sam\Desktop\user\Pictures\Pattern_Image\1 (54).jpg,C:\Users\sam\Desktop\user\Pictures\Pattern_Image\1.jpg,49.81532692909241
C:\Users\sam\Desktop\user\Pictures\Pattern_Image\1 (55).jpg,C:\Users\sam\Desktop\user\Pictures\Pattern_Image\1.jpg,41.789254546165466
C:\Users\sam\Desktop\user\Pictures\Pattern_Image\1 (56).jpg,C:\Users\sam\Desktop\user\Pictures\Pattern_Image\1.jpg,52.965712547302246
C:\Users\sam\Desktop\user\Pictures\Pattern_Image\1 (57).jpg,C:\Users\sam\Desktop\user\Pictures\Pattern_Image\1.jpg,46.35527431964874
C:\Users\sam\Desktop\user\Pictures\Pattern_Image\1 (58).jpg,C:\Users\sam\Desktop\user\Pictures\Pattern_Image\1.jpg,44.447484612464905
C:\Users\sam\Desktop\user\Pictures\Pattern_Image\1 (59).jpg,C:\Users\sam\Desktop\user\Pictures\Pattern_Image\1.jpg,52.46022939682007
C:\Users\sam\Desktop\user\Pictures\Pattern_Image\1 (6).jpg,C:\Users\sam\Desktop\user\Pictures\Pattern_Image\1.jpg,52.84346342086792
C:\Users\sam\Desktop\user\Pictures\Pattern_Image\1 (60).jpg,C:\Users\sam\Desktop\user\Pictures\Pattern_Image\1.jpg,43.240466713905334
C:\Users\sam\Desktop\user\Pictures\Pattern_Image\1 (61).jpg,C:\Users\sam\Desktop\user\Pictures\Pattern_Image\1.jpg,53.57331037521362
C:\Users\sam\Desktop\user\Pictures\Pattern_Image\1 (62).jpg,C:\Users\sam\Desktop\user\Pictures\Pattern_Image\1.jpg,58.1337034702301
C:\Users\sam\Desktop\user\Pictures\Pattern_Image\1 (63).jpg,C:\Users\sam\Desktop\user\Pictures\Pattern_Image\1.jpg,37.2134804725647
C:\Users\sam\Desktop\user\Pictures\Pattern_Image\1 (64).jpg,C:\Users\sam\Desktop\user\Pictures\Pattern_Image\1.jpg,47.14175760746002
C:\Users\sam\Desktop\user\Pictures\Pattern_Image\1 (65).jpg,C:\Users\sam\Desktop\user\Pictures\Pattern_Image\1.jpg,34.32222902774811
C:\Users\sam\Desktop\user\Pictures\Pattern_Image\1 (66).jpg,C:\Users\sam\Desktop\user\Pictures\Pattern_Image\1.jpg,21.606813371181488
C:\Users\sam\Desktop\user\Pictures\Pattern_Image\1 (67).jpg,C:\Users\sam\Desktop\user\Pictures\Pattern_Image\1.jpg,44.16001737117767
C:\Users\sam\Desktop\user\Pictures\Pattern_Image\1 (68).jpg,C:\Users\sam\Desktop\user\Pictures\Pattern_Image\1.jpg,35.885512828826904
C:\Users\sam\Desktop\user\Pictures\Pattern_Image\1 (69).jpg,C:\Users\sam\Desktop\user\Pictures\Pattern_Image\1.jpg,41.27177596092224
C:\Users\sam\Desktop\user\Pictures\Pattern_Image\1 (7).jpg,C:\Users\sam\Desktop\user\Pictures\Pattern_Image\1.jpg,37.547045946121216
C:\Users\sam\Desktop\user\Pictures\Pattern_Image\1 (70).jpg,C:\Users\sam\Desktop\user\Pictures\Pattern_Image\1.jpg,42.18952655792236
C:\Users\sam\Desktop\user\Pictures\Pattern_Image\1 (71).jpg,C:\Users\sam\Desktop\user\Pictures\Pattern_Image\1.jpg,40.96994400024414
C:\Users\sam\Desktop\user\Pictures\Pattern_Image\1 (72).jpg,C:\Users\sam\Desktop\user\Pictures\Pattern_Image\1.jpg,53.33687663078308
C:\Users\sam\Desktop\user\Pictures\Pattern_Image\1 (73).jpg,C:\Users\sam\Desktop\user\Pictures\Pattern_Image\1.jpg,52.603334188461304
C:\Users\sam\Desktop\user\Pictures\Pattern_Image\1 (74).jpg,C:\Users\sam\Desktop\user\Pictures\Pattern_Image\1.jpg,60.72445511817932
C:\Users\sam\Desktop\user\Pictures\Pattern_Image\1 (75).jpg,C:\Users\sam\Desktop\user\Pictures\Pattern_Image\1.jpg,38.50284218788147
C:\Users\sam\Desktop\user\Pictures\Pattern_Image\1 (76).jpg,C:\Users\sam\Desktop\user\Pictures\Pattern_Image\1.jpg,47.30609655380249
C:\Users\sam\Desktop\user\Pictures\Pattern_Image\1 (77).jpg,C:\Users\sam\Desktop\user\Pictures\Pattern_Image\1.jpg,59.470415115356445
C:\Users\sam\Desktop\user\Pictures\Pattern_Image\1 (78).jpg,C:\Users\sam\Desktop\user\Pictures\Pattern_Image\1.jpg,41.94856882095337
C:\Users\sam\Desktop\user\Pictures\Pattern_Image\1 (79).jpg,C:\Users\sam\Desktop\user\Pictures\Pattern_Image\1.jpg,43.41939091682434
C:\Users\sam\Desktop\user\Pictures\Pattern_Image\1 (8).jpg,C:\Users\sam\Desktop\user\Pictures\Pattern_Image\1.jpg,41.168537735939026
C:\Users\sam\Desktop\user\Pictures\Pattern_Image\1 (80).jpg,C:\Users\sam\Desktop\user\Pictures\Pattern_Image\1.jpg,48.901331424713135
C:\Users\sam\Desktop\user\Pictures\Pattern_Image\1 (81).jpg,C:\Users\sam\Desktop\user\Pictures\Pattern_Image\1.jpg,31.973212957382202
C:\Users\sam\Desktop\user\Pictures\Pattern_Image\1 (82).jpg,C:\Users\sam\Desktop\user\Pictures\Pattern_Image\1.jpg,60.09478569030762
C:\Users\sam\Desktop\user\Pictures\Pattern_Image\1 (83).jpg,C:\Users\sam\Desktop\user\Pictures\Pattern_Image\1.jpg,33.9419811964035
C:\Users\sam\Desktop\user\Pictures\Pattern_Image\1 (84).jpg,C:\Users\sam\Desktop\user\Pictures\Pattern_Image\1.jpg,50.99650025367737
C:\Users\sam\Desktop\user\Pictures\Pattern_Image\1 (85).jpg,C:\Users\sam\Desktop\user\Pictures\Pattern_Image\1.jpg,49.631017446517944
C:\Users\sam\Desktop\user\Pictures\Pattern_Image\1 (86).jpg,C:\Users\sam\Desktop\user\Pictures\Pattern_Image\1.jpg,40.53563177585602
C:\Users\sam\Desktop\user\Pictures\Pattern_Image\1 (87).jpg,C:\Users\sam\Desktop\user\Pictures\Pattern_Image\1.jpg,41.30357205867767
C:\Users\sam\Desktop\user\Pictures\Pattern_Image\1 (88).jpg,C:\Users\sam\Desktop\user\Pictures\Pattern_Image\1.jpg,47.287994623184204
C:\Users\sam\Desktop\user\Pictures\Pattern_Image\1 (89).jpg,C:\Users\sam\Desktop\user\Pictures\Pattern_Image\1.jpg,51.993173360824585
C:\Users\sam\Desktop\user\Pictures\Pattern_Image\1 (9).jpg,C:\Users\sam\Desktop\user\Pictures\Pattern_Image\1.jpg,50.79510807991028
C:\Users\sam\Desktop\user\Pictures\Pattern_Image\1 (90).jpg,C:\Users\sam\Desktop\user\Pictures\Pattern_Image\1.jpg,32.9675555229187
C:\Users\sam\Desktop\user\Pictures\Pattern_Image\1 (91).jpg,C:\Users\sam\Desktop\user\Pictures\Pattern_Image\1.jpg,29.381349682807922
C:\Users\sam\Desktop\user\Pictures\Pattern_Image\1 (92).jpg,C:\Users\sam\Desktop\user\Pictures\Pattern_Image\1.jpg,30.334725975990295
C:\Users\sam\Desktop\user\Pictures\Pattern_Image\1 (93).jpg,C:\Users\sam\Desktop\user\Pictures\Pattern_Image\1.jpg,57.97563195228577
C:\Users\sam\Desktop\user\Pictures\Pattern_Image\1 (94).jpg,C:\Users\sam\Desktop\user\Pictures\Pattern_Image\1.jpg,37.97370493412018
C:\Users\sam\Desktop\user\Pictures\Pattern_Image\1 (95).jpg,C:\Users\sam\Desktop\user\Pictures\Pattern_Image\1.jpg,24.353507161140442
C:\Users\sam\Desktop\user\Pictures\Pattern_Image\1 (96).jpg,C:\Users\sam\Desktop\user\Pictures\Pattern_Image\1.jpg,29.058855772018433
C:\Users\sam\Desktop\user\Pictures\Pattern_Image\1 (97).jpg,C:\Users\sam\Desktop\user\Pictures\Pattern_Image\1.jpg,32.30944573879242
C:\Users\sam\Desktop\user\Pictures\Pattern_Image\1 (98).jpg,C:\Users\sam\Desktop\user\Pictures\Pattern_Image\1.jpg,32.8844279050827
C:\Users\sam\Desktop\user\Pictures\Pattern_Image\1 (99).jpg,C:\Users\sam\Desktop\user\Pictures\Pattern_Image\1.jpg,44.34907138347626
C:\Users\sam\Desktop\user\Pictures\Pattern_Image\1.jpg,C:\Users\sam\Desktop\user\Pictures\Pattern_Image\1.jpg,100.00001192092896
