logoName,fileName
YouTube,youtube-logo.png
YouTube icon vector,YouTube-icon-400x400.png
YouTube,youtube-logo-preview-1-400x400.png
FC Barcelona,new-fc-barcelona-logo.png
YouTube,youtube-eps-version-vector-logo-400x400.png
Google Trends,google-trends-logo.png
HRC (Honda Racing Corporation),hrc-logo-preview-400x400.png
Xiaomi,xiaomi-logo-vector-download.jpg
Bamboo Airways,Bamboo-Airways-logo-vector.png
YouTube,youtube-logo-vector-400x400.png
Philipp Plein,philipp-plein-logo-01.png
Juventus,juventus-fc-logo-400x400.png
Facebook Icon,facebook-icon-preview-1-400x400.png
Uber,uber-logo-vector.png
PayPal  SVG,paypal-logo-svg.png
Dumbo,dumbo-vector-400x400.png
FSC,fsc-logo-vector-download-400x400.jpg
Dragon Ball Z,dragon-ball-z-eps-vector-logo-400x400.png
Instagram,instagram-logo-vector-download-400x400.jpg
Disturbed,disturbed-vector-logo-400x400.png
New YouTube button,youtube-button-vector-400x400.png
Adidas Originals,adidas-originals-logo-400x400.png
YouTube,youtube-logo-preview-400x400.png
Google Home,google-home-logo.png
Honda “H” Black,honda-h-black-logo-400x400.png
Instagram,instagram-icon-logo-vector-download-400x400.jpg
Dolphin,dolphin-vector-400x400.png
WhatsApp,whatsapp-logo-symbol-vector-400x400.png
Triumph Motorcycles,triumph-motorcycles-logo.png
Depeche Mode,depeche-mode-eps-vector-logo-400x400.png
UEFA Euro 2020,uefa-euro-2020-logo-512x512.png
YouTube,youtube-eps-vector-logo-400x400.png
Google,google-logo-400x400.png
Facebook,facebook-flat-vector-logo-400x400.png
Honda Bike,honda-bike-vector-400x400.jpg
UPS (United Parcel Service),ups-logo-vector-download-400x400.jpg
YouTube,youtube-vector-logo-400x400.png
Disney’s High School Musical,disneys-high-school-musical-vector-logo-400x400.png
Facebook Workplace,facebook-workplace-logo-preview-400x400.png
Youtube Button,youtube-button-logo-vector-400x400.png
App Store,apple-app-store-logo.png
Instagram,Instagram-logo-400x400.png
Google Assistant,google-assistant-logo.png
Death Proof,death-proof-vector-logo-400x400.png
Dsquared2,dsquared-logo-vector-400x400.png
HONDA,honda-3d-vector-logo-400x400.png
Honda Civic,honda-civic-logo.png
Supreme,supreme-logo.png
Gmail,google-mail-logo-vector-download-400x400.jpg
Google Favicon,google-favicon-vector-400x400.png
Balenciaga,balenciaga-vector-logo-400x400.png
Nike,nike-logo-vector-download-400x400.jpg
Facebook Like,Facebook-Like-400x400.png
Deftones,deftones-eps-vector-logo-400x400.png
Christian Dior,christian-dior-vector-400x400.jpg
Google Calendar,Google-Calendar-icon.png
Minions,minions-film-logo-400x400.png
Spotify,spotify-logo-400x400.png
Get it on Google play,get-it-on-google-play-vector-400x400.png
Facebook,facebook-logo-preview-400x400.png
Uniqlo,uniqlo-logo-preview-400x400.png
Dream Theater,dream-theater-eps-vector-logo-400x400.png
Honda,honda-logo-vector-download-400x400.jpg
BMW,bmw-flat-logo-vector-download-400x400.jpg
Dai-ichi Hoki,dai-ichi-hoki-vector-logo-400x400.png
Chennai Super Kings,chennai-super-kings-vector-logo-400x400.png
Adidas Black,adidas-black-vector-logo-400x400.png
Escudo de la Republica Argentina,escudo-de-la-republica-argentina-logo-vector-400x400.png
Real Madrid C.F.,real-madrid-logo-preview-400x400.png
GSK,gsk-logo-vector-download-400x400.jpg
Taobao,taobao-logo-vector-download-400x400.jpg
IKEA,ikea-logo.png
Get It On Google Play badge,get-it-on-google-play-preview-400x400.png
Facebook Live,facebook-live-logo-vector-download-400x400.jpg
Google Chrome,google-chrome-logo-vector-download-400x400.jpg
Toronto Raptors,toronto-raptors-logo-preview-400x400.png
Balmain,Balmain-logo-400x400.png
Honda,honda-silver-logo-vector-400x400.png
Foxtel,foxtel-logo.png
POSB,POSB-Bank-logo-vector.png
Johnnie Walker new,johnnie-walker-logo-vector-download-400x400.jpg
Nike symbol,Nike-symbol-vector-400x400.png
Porn star,porn-star-vector-logo-400x400.png
Disney Halloween,disney-halloween-vector-logo-400x400.png
Visa,visa-logo-preview-400x400.png
Travel Channel,travel-channel-logo.png
PlayStation 4 (PS4),playstation-4-logo-01.png
Wonder Woman,wonder-woman-logo.png
DC Comics,dc-comics-logo-vector-download-400x400.jpg
Discovery Kids,discovery-kids-vector-logo-400x400.png
Facebook icon circle,facebook-icon-preview-400x400.png
Telenor,Telenor-logo-vector.png
Le Coq Sportif,le-coq-sportif-logo.png
Domino’s Pizza,dominos-pizza-logo.png
Alipay,alipay-logo.png
Walt Disney,walt-disney-logo-preview-400x400.png
State Farm,state-farm-logo-vector-400x400.png
American Express,american-express-logo.png
WhatsApp,whatsapp-icon-vector-400x400.png
Karl Lagerfeld,karl-lagerfeld-logo.png
Monster Energy drink,monster-energy-logo-vector-download-400x400.jpg
Suzuki,suzuki-eps-vector-logo-400x400.png
Gucci,gucci-logo-preview-400x400.png
Toyota Landcruiser,toyota-landcruiser-vector-logo-400x400.png
On The App Store Flat Badge,download-on-the-app-store-badge.png
Nintendo Switch,nintendo-switch-logo-preview-400x400.png
KS Olimpia Lewin Brzeski,ks-olimpia-lewin-brzeski-vector-logo-400x400.png
Available At Amazon Badges,Available-At-Amazon-400x400.png
Paramount Network,paramount-network-logo.png
Destruction,destruction-vector-logo-400x400.png
Disneyland Park,disneyland-park-vector-logo-400x400.png
Moto Guzzi,moto-guzzi-logo.png
Michelin Tires,michelin-tires-logo-vector-download-400x400.jpg
Fox Racing,fox-racing-vector-logo-400x400.png
Jack Daniel’s,jack-daniels-logo-400x400.png
Android Pay logo SVG,Google-Pay-logo-vector.png
Dakar,dakar-vector-logo-400x400.png
Google,google-logo-400x400.png
Under Armour,under-armour-black-logo.png
Starbucks,starbucks-logo-preview-400x400.png
Manulife,manulife-logo-preview-400x400.png
Nike Swoosh,nike-swoosh-vector-logo-400x400.png
Dungeons & Dragons,dungeons-dragons-vector-logo-400x400.png
Mickey Mouse,mickey-mouse-disney-vector-400x400.png
Negara malaysia,negara-malaysia-vector-logo-400x400.png
Louis Vuitton,Louis-Vuitton-vector-logo-download-400x400.png
PayPal,paypal-logo-preview-400x400.png
Peugeot,Peugeot-vector-logo-400x400.png
Twitter,twitter-square-logo-400x400.png
Bindal Fotball,bindal-fotball-vector-logo-400x400.png
WhatsApp,whatsapp-logo.png
Google Drive,google-drive-logo.png
MasterCard,mastercard-vector-logo-400x400.png
WhatsApp,whatsapp-vector-logo-400x400.png
Social Network icons vector,social-network-logo-vector-512x512.png
MarketWatch,marketwatch-logo-vector-download-400x400.png
Renault,new-renault-logo-vector-download-400x400.jpg
Tom and Jerry,tom-and-jerry-logo-vector-400x400.png
Cobra Kai,cobra-kai-vector-logo-400x400.png
LKS Victoria Cisek,lks-victoria-cisek-vector-logo-400x400.png
Yves Saint Laurent,yves-saint-laurent-logo-vector-400x400.png
Facebook,new-facebook-logo-2015-400x400.png
LZS Parkowa Kantorowice,lzs-parkowa-kantorowice-vector-logo-400x400.png
LZS Burza Greboszow,lzs-burza-greboszow-vector-logo-400x400.png
Google Earth,New-Google-Earth-logo.png
SOFORT,sofort-logo.png
Spiderman,spiderman-symbol-vector-logo-400x400.png
KS Gornik,ks-gornik-occasional-vector-logo-400x400.png
LinkedIn icon,linkedin-logo-vector-download-400x400.jpg
KS Czarni Jaworze,ks-czarni-jaworze-vector-logo-400x400.png
Nike Just Do It,nike-just-do-it-vector-logo-400x400.png
Mazda Skyactiv,mazda-skyactiv-logo-vector-download-400x400.jpg
LKS Tecza Ojrzen,lks-tecza-ojrzen-vector-logo-400x400.png
Mickey Mouse,Mickey-Mouse-vector.png
Walmart Spark,walmart-logo-preview-400x400.png
Daddy Yankee,daddy-yankee-vector-logo-400x400.png
Bon FK,bon-fk-vector-logo-400x400.png
Spotify,spotify-logo-vector-download.jpg
Billabong,billabong-logo.png
Versace Jeans Couture,versace-jeans-couture-logo-preview-400x400.png
Honda CRV,honda-crv-logo.png
Godaddy,GoDaddy-logo-vector.png
GKS Piast Gliwice,gks-piast-gliwice-lat-vector-logo-400x400.png
Polski Zwiazek Pilki Noznej,polski-zwiazek-pilki-noznej-polska-2011-vector-logo-400x400.png
Mazda CX-5,mazda-cx-5-logo-vector-download-400x400.jpg
Available on the App Store,available-on-the-app-store-400x400.png
GKS Jastrzebie,gks-jastrzebie-vector-logo-400x400.png
Coat of arms of Malaysia,coat-of-arms-of-malaysia-vector-logo-400x400.png
Clube de Regatas do Flamengo 2001-2004,clube-de-regatas-do-flamengo-2001-2004-logo-vector-400x400.png
Honda’s Certified,hondas-certified-vector-preview-400x400.png
Depeche Mode (DM),depeche-mode-dm-vector-logo-400x400.png
KS Gornik,ks-gornik-old-vector-logo-400x400.png
Google Chrome,Google-Chrome-logo-vector-download.png
Calvin Klein,calvin-klein-.eps-logo-vector-400x400.png
Copyright,Copyright-symbol-vector-free-download.png
Cork City FC,cork-city-fc-current-vector-logo-400x400.png
Mailchimp,Mailchimp-logo-2018.png
Liverpool,liverpool-logo-vector-400x400.png
LKS Plon Skoroszyce,lks-plon-skoroszyce-vector-logo-400x400.png
AC Cuneo 1905,ac-cuneo-1905-vector-logo-400x400.png
Toyota,toyota-logo-vector-download-400x400.jpg
OPPO,oppo-smartphone-logo-seeklogo-400x400.png
Booking.com,bookingcom-logo-vector-download-400x400.jpg
Google Pay,Google-Pay-logo-vector.png
Google Play 2015,google-play-2015-logo-vector-download-400x400.jpg
Asane Fotball,asane-fotball-vector-logo-400x400.png
Avaldsnes IL,avaldsnes-il-vector-logo-400x400.png
KS Unia Tulowice,ks-unia-tulowice-1905-vector-logo-400x400.png
Adidas,adidas-3-vector-logo-400x400.png
Ducati Scrambler,ducati-scrambler-logo.png
VV Smitshoek,vv-smitshoek-vector-logo-400x400.png
Instagram icon Circle,instagram-icon-circle-vector-logo-400x400.png
Android app on Google play,Android-app-on-Google-play-badge-vector.png
Disneyland,disneyland-vector-logo-400x400.png
Ferrari,ferrari-logo.png
Mercedes-Benz,mercedes-benz-logo-vector-download-400x400.jpg
Bray Wanderers AFC,bray-wanderers-afc-vector-logo-400x400.png
Abu Dhabi,abu-dhabi-logo.png
Coca-cola,coca-cola-logo-400x400.png
Anker,anker-logo-vector-download-400x400.png
Puma,Puma-logo-400x400.png
VANS,vans-logo.png
Evernote,evernote-new-logo-2018.png
RKS Mirkow,rks-mirkow-vector-logo-400x400.png
Amazon,amazon-logo-preview-400x400.png
Microsoft Office 365,office-365-logo-400x400.png
Danger Mouse,danger-mouse-eps-vector-logo-400x400.png
Drogheda United FC,drogheda-united-fc-old-vector-logo-400x400.png
Facebook Emoticons,facebook-emoticons-preview-400x400.png
Lamborghini,lamborghini-logo.png
Motul,motul-logo-vector-01.png
Twitter Icon Circle (Blue),twitter-icon-circle-blue-logo-preview-400x400.png
IL Sandviken,il-sandviken-vector-logo-400x400.png
Chanel,chanel-logo-vector-400x400.png
Chiquita,chiquita-logo.png
LKS Gron Bujakow,lks-gron-bujakow-vector-logo-400x400.png
KP Unia Raciborz,kp-unia-raciborz-vector-logo-400x400.png
Abercrombie & Fitch,abercrombie-and-fitch-black-vector-logo-400x400.png
Motul,motul-company-vector-logo-400x400.png
Mercedes Benz,Mercedes-Benz-logo-vector-free-download.png
Yoshimura,yoshimura-vector-logo-400x400.png
Rammstein,rammstein-vector-logo-400x400.png
Nike Classic,nike-classic-vector-logo-400x400.png
Cork City FC,cork-city-fc-old-2007-vector-logo-400x400.png
Metallica,metallica-9-vector-logo-400x400.png
Netflix,netflix-logo-vector-400x400.png
Everton Football Club,everton-football-club-logo-preview-400x400.png
FIFA,fifa-logo-vector-download-400x400.jpg
Bootstrap,bootstrap-logo-vector-download-400x400.jpg
LZS Wojcice,lzs-wojcice-vector-logo-400x400.png
BMW,bmw-vector-logo-400x400.png
Burberry,Burberry-logo-vector-.png
Zara,zara-logo-preview-400x400.png
LKS Grapa Trzebinia,lks-grapa-trzebinia-vector-logo-400x400.png
Cork City FORAS Co-op,cork-city-foras-co-op-old-vector-logo-400x400.png
UPS,new-ups-logo-vector-download.jpg
TaylorMade Golf,taylormade-logo-preview-400x400.png
DreamWorks Home Entertainment,dreamworks-home-entertainment-vector-logo-400x400.png
Polski Zwiazek Pilki Noznej,polski-zwiazek-pilki-noznej-polska-vector-logo-400x400.png
Cork City FC,cork-city-fc-old-vector-logo-400x400.png
Nike SB,nike-sb-vector-logo-400x400.png
Suzuki,suzuki-logo-1.png
Diga nao As Drogas,diga-nro-аs-drogas.png
RB Leipzig,rb-leipzig-logo-preview-400x400.png
AFC Champions League,afc-champions-league-logo.png
EA7 Emporio Armani,ea7-emporio-armani-vector-logo-400x400.png
Johnnie Walker “Keep Walking”,johnnie-walker-logo-400x400.png
Twitter Icon Circle,twitter-icon-circle-logo-400x400.png
Avengers,avengers-logo-400x400.png
Instagram icon,Instagram-icon-400x400.png
Audi Quattro,audi-quattro-vector-logo-400x400.png
Dallas Cowboys Helmet,dallas-cowboys-helmet-400x400.png
Twitter Icon Square,twitter-icon-square-logo-preview-400x400.png
Red Bull,red-bull-logo-vector-download-400x400.jpg
QBE Insurance,qbe-insurance-logo.png
Under Armour,under-armour-eps-ai.png
Vimeo,vimeo-icon-vector-400x400.png
Unicef,unicef-cyan-vector-logo-400x400.png
Skechers,skechers-logo-preview-400x400.png
Samsung,samsung-logo-preview-400x400.png
Tesla,tesla-logo-vector-download-400x400.jpg
Hot Wheels,hot-wheels-logo.png
Renault auto,renault-auto-vector-logo-400x400.png
Find Us On Facebook,find-us-on-facebook-Badge-vector-download-400x400.jpg
Visa,visa-logo-400x400.png
Juventus,juventus-fc-logo-400x400.png
Levis,levis-vector-logo-400x400.png
Taco Bell new,taco-bell-logo-preview-400x400.png
Jeep,jeep-new-vector-logo-400x400.png
HP,hp-eps-vector-logo-400x400.png
GKS Belchatow,gks-belchatow-vector-logo-400x400.png
Mazda,mazda-black-vector-logo-400x400.png
Techcombank,techcombank-logo-preview-400x400.png
Atari,atari-black-vector-logo-400x400.png
"Nike, Inc",nike-inc-eps-vector-logo-400x400.png
Mercedes-Benz,mercedes-benz-auto-eps-vector-logo-400x400.png
Superman,superman-s-vector-logo-400x400.png
Guns N’ Roses,Guns-N-Roses-logo-400x400.png
BMW Mini Cooper,bmw-mini-cooper-logo-vector-01.png
LKS Huragan Kocikowa,lks-huragan-kocikowa-vector-logo-400x400.png
Mazda CX-3,mazda-cx-3-logo-vector-download-400x400.jpg
Harman,harman-logo-preview-400x400.png
Continental Tires,continental-tires-logo-vector-download-400x400.jpg
Ducati,ducati-logo-vector-download-1-400x400.jpg
Mercedes-Benz,mercedes-benz-vector-logo-400x400.png
Escudo de Venezuela,escudo-de-venezuela-logo-vector-400x400.png
Allegiant Air (.EPS + AI),allegiant-air-logo-preview-400x400.png
KS Unia Tulowice,ks-unia-tulowice-vector-logo-400x400.png
Nirvana,Nirvana-logo-png-400x400.png
Louis Vuitton,louis-vuitton-eps-vector-logo-400x400.png
Facebook Messenger,facebook-messenger-logo-preview-400x400.png
Reebok,reebok-vector-logo-400x400.png
Renault,renault-logo-vector-400x400.png
Yapi Kredi World Card,yapi-kredi-world-card-vector-logo-400x400.png
Shopifymark,shopify-logomark-logo.png
Facebook Messenger,facebook-messenger-logo-preview-400x400.png
LKS Krokus Przyszowa,lks-krokus-przyszowa-vector-logo-400x400.png
Rakuten,rakuten-logo.png
SpiderMan,spider-man-logo-vector-400x400.png
Caterpillar,caterpillar-.eps-logo-vector-400x400.png
Dora,dora-logo-vector-400x400.png
AC Milan,ac-milan-eps-vector-logo-400x400.png
DPD (Dynamic Parcel Distribution),dpd-vector-logo-400x400.png
MIT,mit-logo-vector-download-400x400.jpg
Airtel 2010,airtel-2010-vector-logo-400x400.png
GKS Odra Wodzislaw Slaski,gks-odra-wodzislaw-slaski-vector-logo-400x400.png
SHARK Energy,shark-energy-logo-preview-400x400.png
Yamaha,yamaha-old-vector-logo-400x400.png
Escudo de Estados Unidos Mexicanos,escudo-de-estados-unidos-mexicanos-logo-vector-400x400.png
Toyota Flat,toyota-flat-logo-vector-download-400x400.jpg
WHO,who-logo-vector.png
Repsol,repsol-motor-vector-logo-400x400.png
Mazda Motor,mazda-logo-vector-download-400x400.jpg
Escudo Nacional Mexicano,escudo-nacional-mexicano-logo-vector-400x400.png
UEFA Champions League,uefa-champions-league-eps-vector-logo-400x400.png
DSTV,dstv-vector-logo-400x400.png
Aston Martin,aston-martin-logo-preview-400x400.png
UEFA Super Cup,uefa-super-cup-logo.png
DKSH,dksh-logo-preview-400x400.png
My fish,my-fish-vector-logo-400x400.png
Pokémon Go,pokemon-go-vector-logo-400x400.png
Chevy Racing,chevy-racing-logo-vector-400x400.png
Polski Zwiazek Pilki Noznej,polski-zwiazek-pilki-noznej-pzpn-vector-logo-400x400.png
Find Us on Facebook Badge,find-us-on-facebook-badge-400x400.png
New Disney Channel,new-disney-channel-logo.png
New Balance,new-balance-black-vector-logo-400x400.png
Instagram,new-instagram-logo-seeklogo.net_-400x400.png
Snapchat,snapchat-logo-preview-400x400.png
Commonwealth Bank,commonwealth-bank-2013-vector-logo-400x400.png
Chevrolet,chevrolet-logo.png
USAA,usaa-logo.png
Converse All Star,converse-all-star-.eps-logo-vector-400x400.png
PTC,ptc-logo.png
Nissan,nissan-logo-preview-400x400.png
Gloria Jean’s Coffees,gloria-jeans-coffees-logo-vector-download-400x400.jpg
Coors Light,coors-light-logo.png
Vodafone,vodafone-logo.png
Samsung Group,samsung-group-vector-logo-400x400.png
LG Life’s Good,lg-lifes-good-eps-vector-logo-400x400.png
Queen,queen-eps-vector-logo-400x400.png
Michelin,michelin-logo-vector-download-400x400.jpg
Emblem of India,emblem-of-india-logo-vector-400x400.png
The Grinch,the-grinch-vector-400x400.png
UEFA Champions League,uefa-champions-league-logo.png
Mickey Mouse,mickey-mouse-eps-vector-400x400.png
ImLive.com,imlive-vector-logo-400x400.png
Bob marley,bob-marley-logo-vector-400x400.png
Lilo & Stitch,lilo-stitch-vector-400x400.png
Transformers,transformers-movies-vector-logo-400x400.png
Spirit Airlines,spirit-airlines-logo-preview-400x400.png
EBay Store,ebay-store-logo-vector-download-400x400.jpg
Bosch,bosch-logo-vector-download-400x400.jpg
Renault,renault-old-1992-vector-logo-400x400.png
Beyblade,beyblade-vector-logo-400x400.png
Listen on Apple Music Badge,listen-on-apple-music-badge-400x400.png
Kit Kat,kit-kat-logo-vector-400x400.png
iPhone 6s,apple-iphone-6s-logo-vector-download-400x400.jpg
Oriflame Cosmetics,oriflame-cosmetics-vector-logo-400x400.png
Arsenal,arsenal-fc-logo.png
Western Union,western-union-logo-vector-download-1-400x400.jpg
Mazinger Z,mazinger-z-vector-400x400.png
Adidas,Adidas-logo-400x400.png
Chelsea,chelsea-logo-vector-400x400.png
Ford,ford-logo.png
Twitter,Twitter-logo-vector.png
Petrolimex,petrolimex-logo-vector-download-400x400.jpg
Minnie Mouse,minnie-mouse-eps-vector-400x400.png
Kawasaki,kawasaki-logo-01.png
Unilever,unilever-logo-01.png
Tesla,tesla-vector-logo-400x400.png
Depeche Mode Music,depeche-mode-music-vector-logo-400x400.png
KIA Motors,kia-motors-logo-vector-400x400.png
Audi,audi-logo-vector-download-400x400.jpg
Medicine,medicine-vector-logo-400x400.png
Polski Zwiazek Pilki Noznej,polski-zwiazek-pilki-noznej-2011-vector-logo-400x400.png
Mastercard Maestro,mastercard-maestro-logo-vector-400x400.png
Porsche,Porsche-logo-01.png
M&M’s,mms-vector-400x400.jpg
Tiger Beer,tiger-beer-logo-512x512.png
Android,android-vector-logo.png
Paris Saint-Germain FC,new-Paris-Saint-Germain-seeklogo-12072015-400x400.png
Hollister California,hollister-vector-logo-400x400.png
Spiderman,Spiderman-vector-logo-400x400.png
Subway,subway-logo-preview-400x400.jpg
xXx,xxx-logo-vector-01-400x400.png
Applied Materials,applied-materials-logo-vector-download-400x400.jpg
Triumph,triumph-moto-vector-logo-400x400.png
New Samuel Adams,samuel-adams-logo-preview-400x400.png
Pauta Musica,pauta-musica-vector-400x400.png
West Ham United FC,west-ham-united-fc-logo-preview-400x400.png
Chicago Bulls,chicago-bulls-logo-preview-400x400.png
Google Play Music,google-play-music-logo-400x400.png
AT&T,at-t-logo.png
Yamaha R1,Yamaha-R1-logo-400x400.jpg
DELL 2016,dell-logo-preview-400x400.png
Find us on Facebook,find-us-on-facebook-logo-vector-400x400.png
Heineken,Heineken-logo-400x400.png
New Calvin Klein,calvin-klein-logo.png
Paris FC,paris-fc-1969-vector-logo-400x400.png
LinkedIn,linkedin-logo-512x512.png
Givenchy Paris,givenchy-paris-logo-vector-400x400.png
Escudo Nacional,escudo-nacional-logo-vector-400x400.png
Harley-Davidson Cycles,harley-davidson-cycles-logo-vector-400x400.png
Brembo,brembo-logo-vector-01.png
Mercedes-Benz,mercedes-benz-auto-vector-logo1-400x400.png
NASCAR,nascar-logo-400x400.png
Apple iPhone 6S,iphone-6s-logo-vector-download-400x400.jpg
Reliance Industries Limited,reliance-industries-limited-vector-logo-400x400.png
Nestle,nestle-sa-vector-logo-400x400.png
H&M,h-m-logo-400x400.png
Vans red scuares,vans-red-scuares-vector-logo-400x400.png
FK Crvena Zvezda,fk-crvena-zvezda-1945-vector-logo-400x400.png
PayPaltype,paypal-logo-preview-400x400.png
Oppo Electronics,oppo-electronics-logo-vector-download-400x400.jpg
MSI (Micro-Star International),msi-vector-logo-400x400.png
VW – GTI,vw-gti-vector-logo-400x400.png
Pink Panther,pink-panther-vector-400x400.png
CSL,csl-vector-logo-400x400.png
Freddie Mercury tribute,freddie-mercury-tribute-logo-vector-400x400.png
Volvo,volvo-black-vector-logo-400x400.png
Swastika,swastika-logo-vector-400x400.jpg
Maruti Suzuki,maruti-suzuki-eps-vector-logo-400x400.png
Puma Bodywear,puma-bodywear-vector-logo-400x400.png
Starbucks Coffee,starbucks-coffee-black-vector-logo-400x400.png
Adidas Trefoil,Adidas-Trefoil-logo-vector-for-free-download.png
DVD Easter Egg,dvd-easter-egg-vector-logo-400x400.png
Nestle,nestle-eps-vector-logo-400x400.png
Amazon.com,amazon-logo-vector-download-400x400.jpg
Kawasaki Ninja,ninja-kawasaki-old-vector-logo-400x400.png
NFL,nfl-logo-National-Football-League-400x400.png
Mack Trucks,mack-trucks-vector-logo-400x400.png
Wu-Tang Clan,wu-tang-clan-vector-logo-400x400.png
Everlast boxing,everlast-boxing-logo-vector-400x400.png
Kappa,kappa-eps-vector-logo-400x400.png
Melitta,melitta-logo-preview-400x400.png
Qatar World Cup 2022 Bid,qatar-2022-logo-vector-01.png
Audi,audi-black-vector-logo-400x400.png
Hellfish,hellfish-vector-logo-400x400.png
Carhartt,carhartt-eps-vector-logo-400x400.png
Brembo,brembo-.eps-logo-vector-400x400.png
AKRAPOVIC,akrapovic-logo-vector-400x400.png
Gulf Air,gulf-air-logo-preview-400x400.png
ITC Limited,itc-limited-vector-logo-400x400.png
Bose,bose-logo-preview-400x400.png
TRD,trd-vector-logo-400x400.png
Advan,advan-logo-vector-download.jpg
Roland,roland-eps-vector-logo-400x400.png
New England Patriots Wordmark,new-england-patriots-logo-preview-400x400.png
Fanta Orange,fanta-orange-vector-logo-400x400.png
Renault Lines,renault-lines-vector-logo-400x400.png
Muhammad,muhammad-vector-logo-400x400.png
Superman,Superman-vector.png
SSC Napoli,ssc-napoli-vector-logo-400x400.png
Diesel Only The Brave,diesel-only-the-brave-vector-400x400.jpg
Puma,puma-eps-vector-logo-400x400.png
SketchUp,sketchup-vector-logo-400x400.png
TRD Off Road,trd-off-road-vector-logo-400x400.png
Metallica Snake,metallica-snake-vector-logo-400x400.png
Dennis the Menace,dennis-the-menace-eps-vector-400x400.png
Fender Stratocaster,fender-stratocaster-logo-vector-400x400.png
Fox Moto,fox-moto-logo-vector-400x400.png
Herbalife Nutrition,herbalife-nutrition-vector-logo-400x400.png
Polo Ralph Lauren,polo-ralph-lauren-logo-vector-400x400.png
SKY,sky-eps-vector-logo-400x400.png
Mickey Mouse,mickey-mouse-character-vector-400x400.png
Fendi,fendi-logo-vector.jpg
The North Face,the-north-face-eps-vector-logo-400x400.png
Yandex,yandex-logo-vector-download-400x400.jpg
Scania,scania-logo.png
Ford,ford-black-logo-vector-400x400.png
Dropbox,dropbox-logo-400x400.png
Nutella,nutella-company-vector-logo-400x400.png
Man,man-vector-logo-400x400.png
TRD Sport,trd-sport-vector-logo-400x400.png
Johnnie Walker Black Label,johnnie-walker-black-label-logo-vector-download-400x400.jpg
Michael Jordan,michael-jordan-eps-vector-logo-400x400.png
Supra,supra-vector-logo-400x400.png
Sonatrach,sonatrach-logo-400x400.png
Pizza Hut,pizza-hut-logo.png
G4S,g4s-logo-vector-400x400.png
Allah cellacelaluhu,allah-cellacelaluhu-vector-logo-400x400.png
Ralliart auto,ralliart-auto-vector-logo-400x400.png
Kawasaki Team Racing,kawasaki-team-racing-vector-logo-400x400.png
Versace Medusa,versace-medusa-vector-logo-400x400.png
Amazon Alexa,amazon-alexa-logo.png
Origin Energy,origin-energy-logo.png
Fender,fender-logo-vector-400x400.png
Yamaha Black,yamaha-black-vector-logo-400x400.png
Marubeni Corporation,Marubeni-logo-400x400.png
Alpinestars,alpinestars-eps-vector-logo-400x400.png
Ekstraklasa,Ekstraklasa-logo-400x400.png
Dell,dell-logo-preview-400x400.png
Opel,opel-2002-vector-logo-400x400.png
Daewoo,daewoo-eps-vector-logo-400x400.png
Tommy Hilfiger,tommy-hilfiger-logo-vector-01.png
Shoei,shoei-black-vector-logo-400x400.png
XXX energy drink,xxx-energy-drink-vector-logo-400x400.png
British American Tobacco (BAT),bat-logo-preview-400x400.png
Spiderman,spiderman-eps-vector-logo-400x400.png
Google Photos,google-photos-logo-vector-download-400x400.jpg
Ferrero,ferrero-vector-logo-400x400.png
Ibanez,ibanez-logo-vector-400x400.png
NOS,nos-eps-vector-logo-400x400.png
Zalando,zalando-logo-preview-400x400.png
DC Shoes,dc-shoes-logo-vector-400x400.png
Prada,prada-logo-vector-01.png
Repsol,repsol-logo-preview-400x400.png
Ford emblem,ford-emblem-logo-vector-400x400.png
Polo Ralph Lauren,polo-ralph-lauren-logo-vector-400x400.png
Ajuntament de Barcelona,ajuntament-de-barcelona-vector-logo-400x400.png
Nirvana Nevermind,nirvana-nevermind-vector-logo-400x400.png
Converse Shoes,converse-shoes-.eps-logo-vector-400x400.png
Uniqlo,Uniqlo-logo-400x400.png
Lacoste,lacoste-vector-400x400.jpg
Ferrari World Abu Dhabi,ferrari-world-logo.png
Freelancer,freelancer-logo-400x400.png
Canon,Canon-logo-400x400.png
Bluetooth,bluetooth-logo-vector-400x400.png
Audi sport,audi-sport-vector-logo-400x400.png
Target,target-logo-preview-400x400.png
Minnie Mouse,minnie-mouse-disney-vector-400x400.png
Maruti Suzuki,Maruti-Suzuki-logo-vector.png
Toyota,toyota-eps-vector-logo-400x400.png
Volkswagen Group,volkswagen-group-logo-vector-download-400x400.jpg
STP,stp-vector-logo-400x400.png
Amsoil,amsoil-vector-logo-400x400.png
Hitachi,hitachi-company-vector-logo-400x400.png
Hitachi,hitachi-company-vector-logo-400x400.png
BMW M Series,bmw-m-series-vector.gif
Google Drive,Google-Drive-logo-vector.png
Amazon history,amazon-logo-history-400x400.jpg
Corsair,corsair-logo-preview-400x400.png
Cartier,cartier-eps-vector-logo-400x400.png
Danone,danone-eps-vector-logo-400x400.png
Dream Theater Hexagon,dream-theater-hexagon-vector-logo-400x400.png
Nestle Food,nestle-food-vector-logo-400x400.png
XXX TV,xxx-tv-vector-logo-400x400.png
Toyota Moto,toyota-moto-vector-logo-400x400.png
Twitch,Twitch-logo-400x400.jpg
Playboy,Playboy-logo-vector-400x400.png
Chrysler,chrysler-.eps-logo-vector-400x400.png
Sprite,sprite-logo-vector-400x400.png
Chivas Guadalajara,chivas-guadalajara-vector-logo-400x400.png
Two Brothers Racing,two-brothers-racing-eps-vector-logo-400x400.png
Starbucks,starbucks-logo-vector-400x400.png
Mercedes-Benz,mercedes-benz-eps-vector-logo-400x400.png
Toshiba,toshiba-eps-vector-logo-400x400.png
LinkedIn,linkedin-black-logo.png
NOFX,nofx-vector-logo-400x400.png
Honda Transalp,honda-transalp-vector-logo-400x400.png
Bullet For My Valentine,bullet-for-my-valentine-eps-vector-logo-400x400.png
Bombay Sapphire,bombay-sapphire-logo-vector-400x400.png
Dodge,dodge-.eps-logo-vector-400x400.png
Vingroup,vingroup-logo-preview-400x400.png
NFS Most Wanted,nfs-most-wanted-vector-logo-400x400.png
Batman,batman-vector-free-download.png
Michael Jackson,michael-jackson-eps-vector-400x400.png
Stihl,stihl-company-vector-logo-400x400.png
Android Pay,android-pay-logo.png
Microsoft Exchange,microsoft-exchange-logo-vector-download-400x400.jpg
Rolls-Royce,rolls-royce-logo.png
Harley-Davidson 1,harley-davidson-1-vector-logo-400x400.png
Puma SE,puma-se-vector-logo-400x400.png
Naruto,naruto-vector-logo-400x400.png
MasterCard,mastercard-logo-400x400.png
Volvo Cars,volvo-cars-vector-logo-400x400.png
OZ racing,OZ-racing-logo-vector-free-download-01.png
Pirelli,pirelli-logo.png
Escudo del Peru,escudo-del-peru-logo-vector-400x400.png
Google Maps,new-google-maps-logo-vector-download-400x400.jpg
Vietcombank,vietcombank-vector-logo.png
LG Electronics,lg-electronics-vector-logo-400x400.png
Jerry,jerry-vector-logo-400x400.png
Sprinter,sprinter-vector-logo-400x400.png
Petrovietnam,petrovietnam-logo-vector-download-400x400.jpg
SAP,sap-logo-preview-400x400.png
FC Midtjylland,fc-midtjylland-vector-logo-400x400.png
Gucci,gucci-group-logo-vector-400x400.png
Dubai International Airport,dubai-international-airport-logo.png
Hawaiian Airlines,hawaiian-airlines-logo-01.png
Converse Shoes,converse-shoes-logo-vector-01.png
Duke Energy,duke-energy-logo.png
Kansas City Chiefs,kansas-city-chiefs-logo-vector-download-400x400.jpg
K&N,k-n-logo-vector-download-400x400.jpg
Hyundai,Hyundai-logo.png
Visa US,visa-us-vector-logo-400x400.png
Mickey mouse & donald duck,mickey-mouse-donald-duck-vector-logo-400x400.png
PostNL,postnl-logo-preview-400x400.png
New UEFA Europa League,uefa-europa-league-logo-preview-400x400.png
Malindo Air,malindo-air-vector-logo-400x400.png
Xerox,xerox-eps-vector-logo-400x400.png
Ramones,ramones-vector-logo-400x400.png
Instagram icon,instagram-icon-vector-logo-400x400.png
Manchester City,manchester-city-logo.png
Barbie,barbie-logo-vector-01.png
Wayfair,wayfair-logo.png
Pajero Sport,pajero-sport-vector-logo-400x400.png
Toyota Rav4,rav4-vector-logo-400x400.png
Lambretta,lambretta-vector-logo-400x400.png
He-Man & She-Ra,he-man-she-ra-vector-400x400.png
Playboy Bunny,playboy-bunny-vector-logo-400x400.png
Vaillant,vaillant-vector-logo-400x400.png
Shell,shell-logo-400x400.png
Cruzeiro Esporte Clube,cruzeiro-esporte-clube-logo-vector-400x400.png
Starbucks Coffee,starbucks-coffee-logo-preview-400x400.png
Iron Maiden Eddie Smile,iron-maiden-eddie-smile-vector-logo-400x400.png
Available on the App Store badge,available-on-the-app-store-badge-logo-vector-400x400.png
MKS Odra Wodzislaw Slaski SA,mks-odra-wodzislaw-slaski-sa-vector-logo-400x400.png
TOOL Lateralus Eye,tool-lateralus-eye-vector-logo-400x400.png
UEFA Europa League,uefa-europa-league-logo-vector-download-400x400.jpg
Hermes International,hermes-international-vector-logo-400x400.png
Arsenal FC,Arsenal-vector-logo-download-400x400.jpg
Lotte,lotte-Logo-Vector-Download-400x400.jpg
Flipkart,flipkart-logo-vector-download-400x400.jpg
GoPro,gopro-logo-vector-download-400x400.jpg
Mazda Car,mazda-car-vector-logo-400x400.png
Big Lots,big-lots-logo.png
PLKS Pewel Mala,plks-pewel-mala-vector-logo-400x400.png
IKEA,ikea-black-vector-logo-400x400.png
Yahoo,Yahoo-logo-vector-download-400x400.jpg
Zippo,zippo-logo-01.png
Venom,venom-vector-400x400.png
Feyenoord Rotterdam,feyenoord-rotterdam-1908-vector-logo-400x400.png
Arkie Toys,arkie-toys-logo-vector-download.jpg
Skype,skype-logo.png
Agoda,agoda-logo-preview-400x400.png
Behance,behance-logo-vector-download-400x400.jpg
Facebook,facebook-icon-logo-vector-400x400.png
Subaru,subaru-old-vector-logo-400x400.png
Vinamilk,vinamilk-logo-vector-download-400x400.jpg
Playboy Magazine,playboy-magazine-vector-logo-400x400.png
Barclays Premier League,barclays-premier-league-logo-preview-400x400.png
Apple 3D,apple-3d-vector-logo-400x400.png
Queen,queen-music-band-vector-logo-400x400.png
Game Of Thrones,game-of-thrones-logo.png
Moschino,moschino-vector-logo-400x400.png
Toyota Etios,toyota-etios-vector-logo-400x400.png
HP,hp-logo-vector-download-400x400.jpg
Kenzo,kenzo-vector-logo-400x400.png
Nirvana,nirvana-band-vector-logo-400x400.png
Amway,amway-vector-logo-400x400.png
AVG AntiVirus,avg-antivirus-logo-400x400.png
Meizu,meizu-logo.png
KP Chemik Police,kp-chemik-police-vector-logo-400x400.png
Queen Hot Space,queen-hot-space-vector-logo-400x400.png
LG,lg-lifes-good-logo-400x400.png
Carl’s Jr.,carls-jr-logo-01.png
Milo,milo-vector-logo-400x400.png
Harley-Davidson,harley-davidson-logo.png
Claro PB,claro-pb-logo-vector-400x400.png
Jollibee,jollibee-vector-logo-400x400.png
China Southern Airlines,china-southern-airlines-logo-vector-download-400x400.jpg
Dacia,dacia-logo-vector-01.png
Independent,independent-vector-logo-400x400.png
Honda Varadero,honda-varadero-vector-logo-400x400.png
Ferrari,Ferrari-logo-vector.png
CIMB Bank Reversed,cimb-bank-reversed-logo-vector-400x400.png
SV Linx 1949,sv-linx-1949-vector-logo-400x400.png
FC UTA Arad,fc-uta-arad-vector-logo-400x400.png
Lacoste,lacoste-eps-vector-logo-400x400.png
Congress,congress-logo-vector-400x400.png
Twitter,twitter-logo.png
Deezer,deezer-vector-logo-400x400.png
The Pokémon Company,pokmon-company-vector-logo-400x400.png
Waze,waze-vector-logo-400x400.png
KTM Racing,ktm-racing-vector-400x400.jpg
Victoria Bitter – VB,victoria-bitter-vb-vector-logo-400x400.png
VW Golf,vw-golf-vector-logo-400x400.png
Tesla Motors,tesla-motors-logo-vector-400x400.png
Superman return,superman-return-vector-logo-400x400.png
Yamaha,yamaha-motor-vector-logo-400x400.png
Benetton,benetton-.eps-logo-vector-400x400.png
WiFi Zone,wifi-zone-logo-400x400.png
Toyo Tires,toyo-tires-vector-logo-400x400.png
Metallica Band,metallica-band-eps-vector-logo-400x400.png
Red Baron Racing,red-baron-racing-vector-logo-400x400.png
Mercedes-Benz Auto,mercedes-benz-auto-vector-logo-400x400.png
Nestle,nestle-brand-vector-logo-400x400.png
Sparco,sparco-black-vector-logo-400x400.png
Warner Bros Pictures,warner-bros-pictures-eps-vector-logo-400x400.png
LinkedIn,linkedin-icon-logo-vector-400x400.png
Michael Jackson,michael-jackson-vector-400x400.png
Xbox 360 Games,xbox-360-games-vector-logo-400x400.png
Guns N’ Roses,guns-n-roses-slash-logo-vector-400x400.png
Ford GT,ford-gt-logo-vector-400x400.png
Samsung Smart TV,Samsung-Smart-TV-vector-logo-400x400.png
Google Cloud,google-cloud-logo.png
First Solar,first-solar-logo-preview-400x400.png
Yamaha,yamaha-music-vector-logo-400x400.png
The autobots,the-autobots-vector-logo-400x400.png
Michael Jackson – MJ,michael-jackson-mj-vector-logo-400x400.png
JBL Professional,jbl-professional-vector-logo-400x400.png
Sabeco,Sabeco-logo-400x400.png
SG Dynamo Dresden,sg-dynamo-dresden-vector-logo-400x400.png
Master of the Universe,master-of-the-universe-vector-400x400.png
Dtac,dtac-logo-vector-400x400.png
Czech Republic National Football Team,czech-republic-national-football-team-logo-400x400.png
JetBlue,jetblue-logo-400x400.png
Orange,orange-logo-vector-400x400.png
TAP Portugal,tap-portugal-vector-logo-400x400.png
Suzuki,suzuki-auto-vector-logo-400x400.png
New Qantas,qantas-logo-preview-1-400x400.png
Vodafone PLC,vodafone-plc-vector-logo-400x400.png
Puma SE,puma-se-eps-vector-logo-400x400.png
Icon Auto,icon-auto-vector-logo-400x400.png
Spy,spy-vector-logo-400x400.png
MTV,MTV-logo-vector.png
Airtel,airtel-logo-vector-400x400.png
Coca-Cola Three Bottle,coca-cola-three-bottle-logo-vector-400x400.png
Star Wars,star-wars-gold-vector-logo-400x400.png
Bajaj motorcycle,bajaj-logo-vector-400x400.png
Guinness Beer,guinness-beer-logo-vector-400x400.png
Turkish Airlines THY,turkish-airlines-thy-eps-vector-logo-400x400.png
Louis Vuitton,louis-vuitton-company-vector-logo-400x400.png
Olodum,olodum-vector-logo-400x400.png
Java,java-eps-vector-logo-400x400.png
The Godfather,the-godfather-vector-logo-400x400.png
Sunderland,sunderland-afc-logo-400x400.png
Smile,smile-vector-logo-400x400.png
Sony Walkman,walkman-sony-vector-logo-400x400.png
LavAzza,lavazza-vector-logo-400x400.png
Dplay,dplay-logo.png
Haribo bear,haribo-bear-vector-logo-400x400.png
Maxxis,maxxis-vector-logo-400x400.png
Unimed Brasil,unimed-brasil-vector-logo-400x400.png
Santander,new-santander-logo.png
Bob Esponja,bob-esponja-logo-vector-400x400.png
Marvel Comics,marvel-comics-vector-logo-400x400.png
Medtronic,medtronic-logo-vector-download-400x400.jpg
Vespa Motorcycle,vespa-motorcycle-vector-logo-400x400.png
Judas Priest,judas-priest-eps-vector-logo-400x400.png
Dallas Cowboystype,dallas-cowboys-logo-preview-400x400.png
Samsung Galaxy S7 Edge,samsung-galaxy-s7-edge-vector-logo-400x400.png
Karcher,karcher-vector-logo-400x400.png
Newcastle United FC,newcastle-united-logo-preview-400x400.png
Giorgio Armani,giorgio-armani-logo-vector-400x400.png
All Nippon Airways (ANA),all-nippon-airways-logo.png
AK Sigorta,ak-sigorta-vector-logo-400x400.png
Blazers,portland-trail-blazers-logo-preview-400x400.png
John Deere,John-Deere-logo-vector-download-400x400.jpg
Steve Madden,steve-madden-logo-preview-400x400.png
ABS wheels,abs-wheels-vector-logo-400x400.png
Opel 1987,opel-1987-vector-logo-400x400.png
Calvin Klein,calvin-klein-.ai-logo-vector-400x400.png
Budweiser,budweiser-.eps-logo-vector-400x400.png
Superman,superman-design-vector-400x400.png
Darkthrone,darkthrone-logo-vector-400x400.png
Naciones Unidas,naciones-unidas-vector-logo-400x400.png
Smirnoff Vodka,smirnoff-vodka-vector-logo-400x400.png
AirAsia,air-asia-eps-vector-logo-400x400.png
ZTE,zte-logo-vector-download-400x400.jpg
Viborg FF,viborg-ff-vector-logo-400x400.png
JESUS,jesus-vector-vector-logo-400x400.png
Defqon 1 Festival,defqon-1-festival-vector-logo-400x400.png
Gears of War,gears-of-war-vector-logo-400x400.png
Dora The Explorer,dora-the-explorer-logo-vector-400x400.png
Scarface,scarface-vector-400x400.png
Star,free-star-logo-vector-400x400.png
Honda Tuning,honda-tuning-vector-logo-400x400.png
TRD,trd-black-vector-logo-400x400.png
Samsung Mobile,samsung-mobile-logo-vector-01.png
Joma,joma-logo-vector-400x400.png
UDEM,udem-vector-logo-400x400.png
KP Police,kp-police-vector-logo-400x400.png
Windows Vista,windows-vista-eps-vector-logo-400x400.png
Godfather,godfather-logo-vector-400x400.png
MKS Odra Wodzislaw Slaski,mks-odra-wodzislaw-slaski-vector-logo-400x400.png
Pct Rusia Standart,pct-rusia-standart-vector-logo-400x400.png
Escudo de Sinaloa,escudo-de-sinaloa-logo-vector-400x400.png
Discovery Channel,discovery-channel-logo.png
Hermes,hermes-logo-vector-01.png
Bowling,bowling-logo-vector-400x400.png
Avtocompany,avtocompany-logo-vector-download.jpg
Maybank,maybank-vector-logo-400x400.png
Penrith Panthers,penrith-panthers-vector-logo-400x400.png
Bank of Baroda BoB,bank-of-baroda-bob-vector-logo-400x400.png
B Braun,b-braun-black-vector-logo-400x400.png
Intel Core i5,intel-core-i5-logo-vector-400x400.png
Ferrari,ferrari-.eps-logo-vector-400x400.png
Corvette,corvette-logo-vector-400x400.png
ExxonMobil,exxon-mobil-logo-vector-400x400.png
Slayer,slayer-vector-logo-400x400.png
Google Plus New Icon Circle,google-plus-new-icon-logo-400x400.png
Patagonia,patagonia-vector-logo-400x400.png
New Zealand Police,new-zealand-police-logo-preview-400x400.png
Target Australia,target-australia-vector-logo-400x400.png
Hino,hino-black-vector-logo-400x400.png
Disney “D” ball,disney-d-ball-vector-logo-400x400.png
Jaguar,jaguar-3d-vector-400x400.jpg
Ashok leyland,ashok-leyland-vector-logo-400x400.png
Kawasaki,kawasaki-eps-vector-logo-400x400.png
United Airlines,united-airlines-logo-01.png
Karcher Argentina,karcher-argentina-vector-logo-400x400.png
Ajax,ajax-logo-vector-400x400.png
Race Face,race-face-vector-logo-400x400.png
Windows,windows-black-vector-logo-400x400.png
Delta Air Lines,delta-air-lines-logo.png
Allahabad Bank,allahabad-bank-vector-logo-400x400.png
HP Inc.,hp-inc-logo-vector-download-400x400.jpg
Renault Trucks,renault-trucks-vector-logo-400x400.png
Renthal,renthal-vector-logo-400x400.png
Starbucks Coffee,starbucks-coffee-eps-vector-logo-400x400.png
IBM,ibm-logo-vector-download-400x400.jpg
World Cup,world-cup-vector-logo-400x400.png
Honda-Tech,honda-tech-vector-logo-400x400.png
WeChat,wechat-logo-preview-400x400.png
Virgin Media (.eps + .ai),virgin-media-logo-preview-400x400.png
KS Chemik Police,ks-chemik-police-vector-logo-400x400.png
SHARP AQUOS,sharp-aquos-3D-vector-400x400.png
Donald Disney,donald-disney-vector-logo-400x400.png
Pampers baby,pampers-baby-vector-logo-400x400.png
Honda Rebel,honda-rebel-logo.png
Dorco,dorco-logo.png
Harry Potter,harry-potter-vector-logo-400x400.png
Paul & Shark Yachting,paul-shark-yachting-vector-logo-400x400.png
Casper,casper-black-vector-logo-400x400.png
FC Rapid Bucuresti,fc-rapid-bucuresti-2007-vector-logo-400x400.png
Honda Accord,all-new-accord-vector-logo-400x400.png
Malossi,malossi-vector-logo-400x400.png
L’Oreal Paris,loreal-paris-vector-logo-400x400.png
AMB Generali,amb-generali-logo-vector-download-400x400.jpg
GoDaddy,godaddy-logo.png
SV Linx 1949,sv-linx-1949-current-vector-logo-400x400.png
The Ritz-Carlton,the-ritz-carlton-eps-vector-logo-400x400.png
ASOS,asos-logo-400x400.png
LG black,lg-black-vector-logo-400x400.png
Brabrand IF,brabrand-if-1934-vector-logo-400x400.png
MSN,msn-microsoft-network-vector-logo-400x400.png
Dave Matthews Band,dave-matthews-band-vector-logo-400x400.png
Pepe Le Pew,pepe-le-pew-vector-logo-400x400.png
Titan,titan-vector-logo-400x400.png
London Underground,london-underground-eps-vector-logo-400x400.png
Ultraman,ultraman-vector-400x400.png
Accept,accept-logo-vector-download.jpg
Lady Justice,lady-justice-vector-logo-400x400.png
Ayrton Senna,ayrton-senna-eps-vector-logo-400x400.png
Under Armour,under-armour-eps-vector-logo-400x400.png
Thai Airways,thai-airways-vector-logo-400x400.png
Tinder,tinder-logo-vector-download-400x400.jpg
Iron maiden life and death,iron-maiden-life-and-death-vector-logo-400x400.png
Carhartt,carhartt-logo.png
Valentino,valentino-vector-logo-400x400.png
Caritas,caritas-vector-logo-400x400.png
Apple Inc,apple-inc-vector-logo-400x400.png
Mitsubishi Lancer,mitsubishi-lancer-vector-logo-400x400.png
Quake,quake-vector-logo-400x400.png
BBFC 15 Certificate UK,bbfc-15-certificate-uk-vector-logo-400x400.png
Alibaba,alibaba-logo-png-400x400.png
Peugeot 207 Lion,peugeot-207-lion-logo-vector-01-400x400.png
Dolce and Gabbana,dolce-and-gabbana-logo-vector-400x400.png
Lidl,lidl-vector-logo-400x400.png
Luton Town FC,luton-town-fc-vector-logo-400x400.png
Z-Card,z-card-vector-logo-400x400.png
Booster Speakers,booster-speakers-vector-logo-400x400.png
Lenovo,new-lenovo-logo-400x400.png
CS Mioveni,cs-mioveni-vector-logo-400x400.png
Suzuki Swift Sport,suzuki-swift-sport-vector-logo-400x400.png
Walt Disney Home Entertainment,walt-disney-home-entertainment-vector-logo-400x400.png
Cruz Azul,cruz-azul-logo-vector-400x400.png
New Holland,new-holland-eps-vector-logo-400x400.png
Polis Diraja Malaysia,polis-diraja-malaysia-vector-logo-400x400.png
Sony Pictures Entertainment,sony-pictures-entertainment-vector-logo-400x400.png
Inter Milan 100 years anniversary,inter-milan-100-years-anniversary-vector-logo-400x400.png
Yin & Yang,yin-yang-vector-logo-400x400.png
Dark Castle,dark-castle-vector-logo-400x400.png
Lonsdale,lonsdale-vector-logo-400x400.png
Durex,durex-logo-vector.png
Asus,asus-black-vector-logo-400x400.png
Megadeth,megadeth-eps-vector-logo-400x400.png
Jimmy Choo,jimmy-choo-vector-400x400.jpg
Inter Milan,inter-milan-logo-vector-01.png
Liverbird,liverbir-vector-logo-400x400.png
PacSun,PacSun-logo-400x400.png
Monster Energy,monster-energy-eps-vector-logo-400x400.png
OTE TV,ote-tv-vector-logo-400x400.png
Mercedes-Benz,mercedes-benz-automotive-vector-logo-400x400.png
Transcend,transcend-logo-preview-400x400.png
Singer,singer-eps-vector-logo-400x400.png
Pocoyo,pocoyo-vector-logo-400x400.png
Superman DC Comics,superman-dc-comics-vector-logo-400x400.png
Burberry,burberry-.eps-logo-vector-400x400.png
AC/DC,ac-dc-black-vector-logo-400x400.png
Birmingham City FC,Birmingham-City-FC-logo-vector-400x400.png
Pit bull,pit-bull-vector-logo-400x400.png
Nike,nike-eps-vector-logo-400x400.png
KFC – Taco Bell – Pizza Hut – Long John Silver’s,kfc-taco-bell-pizza-hut-long-john-silvers-vector-logo-400x400.png
Perodua,perodua-vector-logo-400x400.png
UITM,uitm-vector-logo-400x400.png
Trek,trek-vector-logo-400x400.png
Triumph Motorcycles,triumph-motorcycles-vector-logo-400x400.png
Repsol,repsol-eps-vector-logo-400x400.png
KTM Racing black,ktm-racing-black-vector-logo-400x400.png
Magento,magento-logo-preview-400x400.png
Thrasher Magazine,thrasher-magazine-vector-logo-400x400.png
Tennessee Titans,tennessee-titans-logo-vector-download-400x400.jpg
Costa Coffee,costa-coffee-logo-vector-400x400.png
McLaren,mclaren-eps-vector-logo-400x400.png
Kolkata Knight Riders,kolkata-knight-riders-vector-logo-400x400.png
DeWALT,dewalt-.eps-logo-vector-400x400.png
Chicago Cubs,chicago-cubs-logo-vector-download-400x400.jpg
Herbalife,herbalife-eps-vector-logo-400x400.png
"GUESS Jeans, Clothing",guess-logo.png
Namecheap,namecheap-logo-vector-download-400x400.jpg
Sparco,sparco-eps-vector-logo-400x400.png
Alpinestars,alpine-stars-black-vector-logo-400x400.png
K&N,k-n-vector-logo-400x400.png
Nissan,nissan-eps-vector-logo-400x400.png
Joker,joker-vector-logo-400x400.png
Rackspace,rackspace-logo-vector-download-400x400.jpg
Oracle,oracle-logo-vector-400x400.png
McDonald’s,mcdonald-vector-400x400.jpg
CAIXA Loterias,loterias-caixa-logo-vector-400x400.png
Niantic,niantic-vector-logo-400x400.png
Nautica,nautica-vector-logo-400x400.png
LKS Zjednoczeni Lubrza,lks-zjednoczeni-lubrza-vector-logo-400x400.png
A Stars Alpinestars,a-stars-alpinestars-vector-logo-400x400.png
Royal Enfield outline,royal-enfield-outline-vector-logo-400x400.png
Kawasaki ZX10R,kawasaki-zx10r-vector-logo-400x400.png
Radiohead,radiohead-vector-logo-400x400.png
Seat,seat-black-vector-logo-400x400.png
Editora Abril,editora-abril-logo-vector-400x400.png
Dakota Sport,dakota-sport-vector-logo-400x400.png
SV Linx 1949,sv-linx-1949-old-vector-logo-400x400.png
KS Alapaw Slawa Slawecin,ks-alapaw-slawa-slawecin-vector-logo-400x400.png
St. Louis Cardinals,st-louis-cardinals-logo-400x400.png
Honda Fan Club,honda-fan-club-logo-400x400.png
UNFPA,unfpa-vector-logo-400x400.png
Estee Lauder,estee-lauder-.eps-logo-vector-400x400.png
Black Sabbath,black-sabbath-logo-vector-01-400x400.png
Discovery HD Theater,discovery-hd-theater-vector-logo-400x400.png
Alfa Romeo MiTo,alfa-romeo-mito-logo-vector-download.jpg
Avon,avon-black-vector-logo-400x400.png
Dodge Group,dodge-group-vector-logo-400x400.png
Farmacias del Ahorro,farmacias-del-ahorro-logo-vector-400x400.png
ABTA,abta-logo-vector-download-400x400.jpg
Visa Card,visa-card-vector-logo-400x400.png
Hilux,hilux-vector-logo-400x400.png
Alibaba Group,alibaba-group-logo.png
DQS,dqs-vector-logo-400x400.png
Ruby,ruby-vector-logo-400x400.png
World Series of Poker,world-series-of-poker-vector-logo-400x400.png
DC Shoes,dc-shoes-vector-400x400.jpg
Schweppes,schweppes-eps-vector-logo-400x400.png
EASTBOY,eastboy-logo-vector-download-400x400.jpg
Downy,downy-vector-400x400.jpg
Nestlé “Good Life”,nestle-good-life-vector-logo-400x400.png
FedEx Express,fedex-express-logo-vector-400x400.png
Linkedin,Linkedin-vector-logo-400x400.png
Shift racing,shift-racing-vector-logo-400x400.png
LG,lg-vector-logo-400x400.png
Wendy’s,wendys-logo-01.png
T Mobile,t-mobile-vector-logo-400x400.png
KYB Kayaba,kyb-kayaba-vector-logo-400x400.png
Jovens Adventistas,jovens-adventistas-vector-logo-400x400.png
Reebok,reebok-vector-logo-400x400.png
Maersk Line,maersk-line-vector-logo-400x400.png
Husqvarna Motorcycles,husqvarna-motorcycles-vector-logo-400x400.png
Daikin,daikin-logo-vector-01.png
HDMI,HDMI-vector-400x400.png
Bank Of New Zealand (BNZ),bank-of-new-zealand-logo-preview-400x400.png
Jaguar,jaguar-vector-400x400.jpg
FidoDido from 7Up,fidodido-from-7up-logo-vector-400x400.png
Yahoo,yahoo-2013-vector-logo-400x400.png
Alianza Francesa,alianza-francesa-vector-logo-400x400.png
American Flag,american-flag-logo-vector-400x400.png
Igreja do Evangelho Quadrangular,igreja-do-evangelho-quadrangular-eps-vector-logo-400x400.png
Haribo,haribo-2009-vector-logo-400x400.png
National Geographic Channel,national-geographic-channel-logo-vector-download-400x400.jpg
Alfa Romeo Auto,alfa-romeo-auto-vector-logo-400x400.png
Mitsubishi,mitsubishi-logo-vector.jpg
Jaguar Racing,jaguar-racing-vector-logo-400x400.png
Repsol Motor Oil,repsol-motor-oil-eps-vector-logo-400x400.png
Yanmar,yanmar-vector-logo-400x400.png
AEON,aeon-logo-vector-400x400.png
OGK Kabuto,ogk-kabuto-logo.png
Ohlins,ohlins-vector-logo-400x400.png
Aguilas del America,aguilas-del-america-vector-logo-400x400.png
Hyundai Motor Company,hyundai-motor-company-vector-logo-400x400.png
Amazon Payments,amazon-payments-logo-preview-400x400.png
DBU Pokalen,dbu-pokalen-vector-logo-400x400.png
Toyota,toyota-3d-vector-logo-400x400.png
Antalya Buyuksehir Belediyesi,antalya-buyuksehir-belediyesi-vector-logo-400x400.png
Motley Crue,motley-crue-vector-logo-400x400.png
FC Augsburg,fc-augsburg-vector-logo-400x400.png
Samsung,samsung-eps-vector-logo-400x400.png
Suzuki Intruder,suzuki-intruder-vector-logo-400x400.png
Duff Beer,duff-beer-logo-vector-400x400.png
Microsoft,new-microsoft-logo-2012-logo-vector-01-400x400.png
Hotels.com,hotelscom-vector-logo-400x400.png
DHL,dhl-black-logo-vector-400x400.png
DHL Express Black,dhl-express-black-vector-logo-400x400.png
Maserati,maserati-logo-vector-download-400x400.jpg
Organizacion Mundial de la Salud,organizacion-mundial-de-la-salud-vector-logo-400x400.png
Emporio Armani,emporio-armani-.eps-logo-vector-400x400.png
Google Plus Icon,google-plus-icon-logo.png
Prudential Financial,prudential-financial-logo-vector-download-400x400.jpg
Viko,viko-vector-logo-400x400.png
Forever 21,forever-21-logo-vector-download-400x400.jpg
Bandcamp,bandcamp-logo.png
Kumho Tires,kumho-tires-vector-logo-400x400.png
BV financeira,bv-financeira-logo-vector-400x400.png
Police Badge,police-badge-eps-vector-logo-400x400.png
Yamaha,yamaha-company-vector-logo-400x400.png
Brasao de Armas do Estado de Sao Paulo,brasao-de-armas-do-estado-de-sao-paulo-logo-vector-400x400.png
G-Star Raw,g-star-raw-logo-vector-400x400.png
Ace Cafe London,ace-cafe-london-logo-vector-download.jpg
Coca-Cola Bottle,coca-cola-bottle-logo-vector-400x400.png
Showa,showa-eps-vector-logo-400x400.png
Coca-Cola Enjoy,coca-cola-enjoy-.ai-logo-vector-400x400.png
Made in USA,made-in-usa-logo-vector-400x400.png
The Powerpuff Girls,the-powerpuff-girls-vector-400x400.png
Discovery Channel,discovery-channel-.eps-logo-vector-400x400.png
Ferrari,ferrari-logo-vector-400x400.png
TATTOO,tattoo-vector-logo-400x400.png
Death Note,l-letter-from-death-note-logo-vector-download.jpg
Pepsi,pepsi-coca-cola-vector-logo-400x400.png
Saint Gobain,saint-gobain-logo-vector-download-400x400.jpg
Apple Computer,apple-computer-vector-logo-400x400.png
Google Maps,google-maps-logo-01.png
Pokemon,pokemon-logo-vector-400x400.png
Audi Q7,audi-q7-vector-logo-400x400.png
Kering,kering-logo-vector-download-400x400.jpg
Jata Selangor,jata-selangor-vector-logo-400x400.png
MKS Chemik Police,mks-chemik-police-vector-logo-400x400.png
Virgin Racing,virgin-racing-logo-preview-400x400.png
CSS3,CSS3-logo-vector-400x400.png
Dragon Ball Z,dragon-ball-z-black-vector-logo-400x400.png
ThunderCats,thundercats-eps-vector-logo-400x400.png
Valur Reykjavik,valur-reykjavik-vector-logo-400x400.png
Timken,timken-eps-vector-logo-400x400.png
Warner Bros,warner-bros-black-vector-logo-400x400.png
RoHS Standard,rohs-standard-logo-vector-400x400.png
Playboy,playboy-tv-vector-logo-400x400.png
Hamburger SV,hamburger-sv-logo-preview-400x400.png
Che Guevara Ernesto,che-guevara-ernesto-.eps-logo-vector-400x400.png
Microsoft Office 2004,microsoft-office-2004-vector-logo-400x400.png
Microsoft Windows 10,window-10-logo-vector.png
Lexmark,lexmark-logo.png
Boca Juniors 1960,boca-juniors-1960-vector-logo-400x400.png
Toyota FJ Cruiser,toyota-fj-cruiser-eps-vector-logo-400x400.png
Hertha BSC,hertha-bsc-vector-logo-400x400.png
Apple Music,Apple-Music-logo-400x400.png
Pepsi,pepsi-drink-vector-logo-400x400.png
Kia Motors,kia-motors-eps-vector-logo-400x400.png
CDC,cdc-vector-logo-400x400.png
China Airlines,china-airlines-logo-vector-download-400x400.jpg
Toyota Sport,toyota-sport-eps-vector-logo-400x400.png
Pinterest Icon,pinterest-icon-vector-400x400.png
BNP Paribas,bnp-paribas-logo-preview-400x400.png
Google Chrome,Google-Chrome-Icon-vector-01.png
Komatsu,komatsu-vector-logo-400x400.png
SS Lazio Roma,ss-lazio-roma-vector-logo-400x400.png
Slayer band,slayer-band-vector-logo-400x400.png
Screamin’ Eagle,screamin-eagle-vector-logo-400x400.png
Larsen & Toubro Limited,larsen-toubro-limited-vector-logo-400x400.png
Urban Outfitters,urban-outfitters-logo-vector-download-400x400.png
Uanl,uanl-vector-logo-400x400.png
Atlanta Hawks,atlanta-hawks-vector-logo-400x400.png
Blackberry,blackberry-logo-vector-download-400x400.jpg
Heineken,heineken-logo-vector-download.jpg
Levi’s,levis-eps-vector-logo-400x400.png
Mortal Kombat,mortal-kombat-vector-logo-400x400.png
Yes Band,yes-band-vector-logo-400x400.png
Volvo,volvo-text-vector-logo-400x400.png
BBC NEWS,bb-news-logo-vector-free-download.png
Race and shop,race-and-shop-vector-logo-400x400.png
Kyocera,kyocera-logo.png
Scania,scania-logo-vector-400x400.png
Mudflap girl,Mudflap-girl-vector-400x400.png
Marinha do Brasil,marinha-do-brasil-vector-logo-400x400.png
Nestle Chocolat,nestle-chocolat-vector-logo-400x400.png
Compaq,compaq-2007-vector-logo-400x400.png
Singapore Exchange (SGX),sgx-logo-preview-400x400.png
Vogue,vogue-vector-logo-400x400.png
Dragon Ball Z,dragon-ball-z-logo-vector-400x400.png
Emirates Airlines,emirates-airlines-logo-01.png
Celio,celio-logo.png
Fudbalski Savez Jugoslavije,fudbalski-savez-jugoslavije-2007-vector-logo-400x400.png
Venom,venom-band-vector-logo-400x400.png
Pepsi,pepsi-logo-vector-01-400x400.png
Manchester City FC,manchester-city-logo-vector-download-400x400.jpg
Michael Kors,michael-kors-vector-logo-400x400.png
Apple,apple-classic-rainbow-vector-logo-400x400.png
Mitsubishi Motors,mitsubishi-motors-vector-logo-400x400.png
Napapijri,napapijri-vector-logo-400x400.png
Fiat,fiat-new-logo-vector-400x400.png
Disney’s California,disneys-california-vector-logo-400x400.png
Caterpillar,caterpillar-logo-vector-400x400.png
Versace,versace-eps-vector-logo-400x400.png
KRC Genk,krc-genk-vector-logo-400x400.png
Willy il Coyote,willy-il-coyote-vector-400x400.png
OneDrive,onedrive-logo-vector-download-400x400.jpg
Vans performance,vans-performance-vector-logo-400x400.png
Logitech,New-Logitech-Logo-2015-seeklogo.net_-400x400.png
Coles Supermarkets Australia,coles-supermarkets-australia-vector-logo-400x400.png
Randers FC,randers-fc-vector-logo-400x400.png
Leicester City FC,leicester-city-fc-vector-logo-eps-svg-400x400.png
XXXX,xxxx-vector-logo-400x400.png
Blink 182 Music,blink-182-music-vector-logo-400x400.png
Eva Air,eva-air-logo-preview-400x400.png
Dolce & Gabbana,dolce-gabbana-logo-vector.gif
Havana Club,havana-club-vector-logo-400x400.png
Jack Daniel’s,jack-daniels-old-time-vector-logo-400x400.png
Andhra Bank,andhra-bank-vector-logo-400x400.png
Wrangler,wrangler-vector-logo-400x400.png
BOPE,bope-logo-vector-400x400.png
Escudo veracruz,escudo-veracruz-logo-vector-400x400.png
GT Bikes,gt-bikes-logo-vector-400x400.png
Yamaha R6,yamaha-r6-eps-vector-logo-400x400.png
ThaiBev,thaibev-logo-preview-400x400.png
Thor-moto,thor-moto-vector-logo-400x400.png
Leica Camera,leica-camera-vector-logo-400x400.png
Target Stores,target-stores-vector-logo-400x400.png
Super Nintendo,super-nintendo-vector-logo-400x400.png
Iron Maiden band,iron-maiden-band-vector-400x400.jpg
United Nations,united-nations-eps-vector-logo-400x400.png
Purina,purina-vector-logo-400x400.png
Liqui Moly,liqui-moly-vector-logo-400x400.png
Nike Ball,nike-ball-vector-logo-400x400.png
Facebook Like Button,facebook-like-button-vector1-400x400.png
Slipknot,slipknot-eps-vector-logo-400x400.png
Yahoo,yahoo-y-vector-logo-400x400.png
Chevrolet Auto,chevrolet-auto-.ai-logo-vector-400x400.png
Apple classic,apple-classic-logo-vector-400x400.png
Scandinavian Airlines (SAS),scandinavian-airlines-logo.png
Mary Kay Cosmetics,mary-kay-cosmetics-vector-logo-400x400.png
Carrefour Group,carrefour-group-vector-logo-400x400.png
Philadelphia Eagles,philadelphia-eagles-logo-400x400.png
Beats by Dr. Dre,beats-by-dr.-dre-logo-vector-01.png
Fox Movies,fox-movies-logo.png
Maybank,maybank-eps-vector-logo-400x400.png
SonderjyskE,sonderjyske-vector-logo-400x400.png
Popeye,popeye-vector-400x400.png
Philips,philips-logo.png
Liverpool City Council,liverpool-city-council-logo-seeklogo.net_.png
Chrysler,Chrysler-LLC-logo-vector.png
Mazda 3,mazda-3-vector-logo-400x400.png
Clube de Regatas do Flamengo,clube-de-regatas-do-flamengo-logo-vector-400x400.png
Rolex,rolex-eps-vector-logo-400x400.png
KF Laci,kf-laci-vector-logo-400x400.png
State seal of Texas,state-seal-of-texas-vector-logo-400x400.png
Guns N Roses,guns-n-roses-logo-vector1.png
Maclaren,maclaren-logo-preview-400x400.png
Malvinas Argentinas,malvinas-argentinas-vector-logo-400x400.png
Toyota auto,toyota-auto-vector-logo-400x400.png
Suzuki GSX-R,gsx-r-suzuki-logo-vector-400x400.png
Castrol,castrol-.eps-logo-vector-400x400.png
TOOL,tool-vector-logo-400x400.png
Mobil Oil,mobil-logo-vector-01.png
Pokemon,pokemon-anime-vector-400x400.png
Haribo,haribo-vector-logo-400x400.png
Lee,lee-logo-vector-400x400.png
F&N – Fraser and Neave,f-n-logo.png
Jas-anz,jas-anz-vector-logo-400x400.png
Bacardi,bacardi-.eps-logo-vector-400x400.png
Ferrari Black,ferrari-black-logo-vector-400x400.png
Sporting Lisbon,sporting-clube-de-portugal-vector-logo-400x400.png
Lloyd’s Register Quality Assurance,lloyds-register-quality-assurance-vector-logo-400x400.png
Kerastase,kerastase-vector-logo-400x400.png
TATA,tata-vector-logo-400x400.png
Unitec,unitec-vector-logo-400x400.png
CD Santa Clara,cd-santa-clara-vector-logo-400x400.png
Chivas Regal,chivas-regal-logo-vector-400x400.png
Exercito Brasileiro,exercito-brasileiro-logo-vector-400x400.png
Harley Davidson Screaming Eagle,harley-davidson-screaming-eagle-vector-logo-400x400.png
Sony PSP,sony-psp-vector-logo-400x400.png
Chevron,chevron-logo.png
Boeing,boeing-logo.png
Sony,sony-black-vector-logo-400x400.png
Eni gas and power,eni-gas-and-power-vector-logo-400x400.png
Premier League,premier-league-logo-vector-400x400.png
Queen,queen-red-vector-logo-400x400.png
Jabatan Bomba Dan Penyelamat Malaysia,jabatan-bomba-dan-penyelamat-malaysia-vector-logo-400x400.png
Charvel Guitars,charvel-guitars-logo-vector-400x400.png
Walt Disney Pictures Presents,walt-disney-pictures-presents-vector-logo-400x400.png
Abercrombie & Fitch,abercrombie-fitch-a-f-vector-logo-400x400.png
Brondby IF,brondby-if-vector-logo-400x400.png
Super Bowl 50,2016-super-bowl-vector-logo-400x400.jpg
Xubuntu linux,xubuntu-linux-vector-logo-400x400.png
Betty Boop,betty-boop-.eps-logo-vector-400x400.png
Cerro de la Silla,cerro-de-la-silla-vector-logo-400x400.png
Wells Fargo,wells-fargo-vector-logo-400x400.png
Disney,disney-logo-vector-400x400.png
Adobe,adobe-eps-vector-logo-400x400.png
Ak Parti Orjinal,ak-parti-orjinal-vector-logo-400x400.png
Target Corporation,target-corporation-vector-logo-400x400.png
Spiderman Mask,spiderman-mask-logo-vector-400x400.png
Adidas Y-3,Adidas-Y-3-logo-vector-free-download.png
Madagascar pinguinos penguins,madagascar-pinguinos-penguins-vector-400x400.png
Chevrolet,chevrolet-.ai-logo-vector-400x400.png
Mugen,mugen-eps-vector-logo-400x400.png
Vietjet Air,vietjet-air-logo-vector-download.jpg
Applebee’s,applebees-vector-logo-400x400.png
Thor Comics,thor-comics-vector-400x400.png
Marriott,marriott-vector-logo-400x400.png
Deutsches Rotes Kreuz,deutsches-rotes-kreuz-vector-logo-400x400.png
Jockey Underwear,jockey-underwear-vector-logo-400x400.png
Vietnam Airlines,vietnam-airlines-vector-logo-400x400.png
C4 Engineering Technology,c4-engineering-technology-vector-logo-400x400.png
Diesel,diesel-.eps-logo-vector-400x400.png
Android robot,android-robot-vector-400x400.jpg
Energizer,energizer-logo-vector-download-400x400.jpg
Overhaulin By Foose,overhaulin-by-foose-vector-logo-400x400.png
Nismo,nismo-vector-logo-400x400.png
Penti,penti-vector-logo-400x400.png
Polaroid,polaroid-logo-vector-400x400.png
Escudo Mexico,escudo-mexico-logo-vector-400x400.png
Eucerin,eucerin-vector-logo-400x400.png
Reuters,Reuters-logo-preview-400x400.png
Rock Band,rock-band-vector-logo-400x400.png
Tous,tous-vector-logo-400x400.png
Shotokan tiger – karate do kanji,shotokan-tiger-karate-do-kanji-vector-logo-400x400.png
Volkswagen Racing Auto,volkswagen-racing-auto-vector-logo-400x400.png
Walmart,walmart-new-vector-logo-400x400.png
Rip Curl,rip-curl-eps-vector-logo-400x400.png
BRC,brc-vector-logo-400x400.png
Rastaman reggae,rastaman-reggae-vector-logo-400x400.png
Iron Maiden Killers,iron-maiden-killers-vector-logo-400x400.png
Google Hangouts,google-hangouts-vector-logo-400x400.png
Shimano,shimano-eps-vector-logo-400x400.png
Pioneer,pioneer-soundvisionsoul-vector-logo-400x400.png
Carlsberg,carlsberg-vector-400x400.jpg
Asus,asus-color-vector-logo-400x400.png
Wall’s,walls-vector-logo-400x400.png
Apple iOS,apple-ios-logo-vector-download-400x400.jpg
Hello Kitty con globitos,hello-kitty-con-globitos-vector-logo-400x400.png
Facebook Like,facebook-like-logo-vector-400x400.png
Chivas,chivas-eps-vector-logo-400x400.png
Wacken open air,wacken-open-air-vector-logo-400x400.png
Disney’s The Lion King,disneys-the-lion-king-vector-logo-400x400.png
Peach Aviation Airline,peach-aviation-logo-preview-400x400.png
Minnesota Timberwolves,Minnesota-Timberwolves-new-logo.png
Nestle Chocolate,nestle-chocolate-vector-logo-400x400.png
Carrefour,carrefour-.eps-logo-vector-400x400.png
FC Hansa Rostock,fc-hansa-rostock-vector-logo-400x400.png
Panasonic,panasonic-brand-vector-logo-400x400.png
Agribank,Agribank-logo-400x400.png
Garfield,garfield-logo-vector-400x400.png
Snoopy,snoopy-vector-400x400.png
Alpina,alpina-eps-vector-logo-400x400.png
Grendene,grendene-logo-preview-400x400.png
Dragon,dragon-.eps-logo-vector-400x400.png
Continental,continental-logo-vector-400x400.png
DBS,dbs-logo-vector-download.jpg
Yamaha Team,yamaha-team-vector-logo-400x400.png
Air arabia,air-arabia-vector-logo-400x400.png
DotA 2,dota-2-logo-vector-01.png
Pringles,pringles-vector-logo-400x400.png
Red Hot Chili Peppers,red-hot-chili-peppers-vector-logo-400x400.png
Land Cruiser,land-cruiser-vector-logo-400x400.png
Vodafone,vodafone-logo-vector1-400x400.png
Las Vegas Valenza,las-vegas-valenza-vector-logo-400x400.png
TripAdvisor,tripadvisor-logo-01.png
FBI Seal,fbi-seal-logo-vector-400x400.png
Skunk2 Racing,skunk2-racing-vector-logo-400x400.png
OAKLEY,oakley-logo-vector-400x400.png
Transformers Classic,transformers-classic-vector-logo-400x400.png
Disney’s Zazu,disneys-zazu-logo-vector-400x400.png
Caltex,caltex-vector-logo-400x400.png
Panasonic,panasonic-logo-vector-01.png
Gangster,gangster-logo-vector-400x400.png
Philadelphia Phillies,Philadelphia-Phillies-logo-400x400.png
Dailymotion,dailymotion-logo.png
Upwork,upwork-logo.png
Nike,nike-clothing-vector-logo-400x400.png
Sydney FC,sydney-fc-logo.png
RTP (Rádio e Televisão de Portugal),rtp-logo-vector-download-400x400.jpg
SembCorp,sembcorp-logo-vector-download.jpg
Everton F.C.,everton-fc-logo-preview-400x400.png
Old McDonald,old-mcdonalds-vector-logo-400x400.png
Shelby,shelby-vector-logo-400x400.png
Wilson,wilson-logo-vector-01.png
Izmir bbybkeehir belediyesi,izmir-bbybkeehir-belediyesi-vector-logo-400x400.png
Atari,atari-games-black-logo-vector-download.jpg
HRS,hrs-logo.png
Pizza Hut,pizza-hut-vector-logo-400x400.png
Santander,santander-vector-logo-400x400.png
Maltese Cross,maltese-cross-vector-logo-400x400.png
Black Sabbath,black-sabbath-arts-logo-vector-400x400.png
Aprilia lion Variation 01,aprilia-lion-variation-01-vector-logo-400x400.png
Sun Life Financial,sun-life-financial-logo-preview-400x400.png
Midea,midea-vector-logo-400x400.png
Playboy,playboy-logo-vector.jpg
Kia Motors Coporation,kia-motors-coporation-vector-logo-400x400.png
Los Angeles Lakers,los-angeles-lakers-logo-vector-400x400.png
Overkill,overkill-band-vector-logo-400x400.png
Tod’s,tods-vector-logo-400x400.png
Tod’s Group,tods-group-vector-logo-400x400.png
Nintendo DS,nintendo-ds-vector-logo-400x400.png
P&G (Procter & Gamble),pg-logo-vector.png
Estado de Mexico – Compromiso,estado-de-mexico-compromiso-logo-vector-400x400.png
La Catrina,la-catrina-vector-logo-400x400.png
Sgt. Peppers Lonely Hearts Club Band,sgt-peppers-lonely-hearts-club-band-vector-logo-400x400.png
Rocket Internet,rocket-internet-logo-01.png
Metal Mulisha Moto,metal-mulisha-moto-vector-logo-400x400.png
Zaxby’s,zaxbys-vector-logo-400x400.png
Deftones,deftones-logo-vector-400x400.png
Sephora,sephora-logo-vector-400x400.png
Boavista FC,boavista-fc-vector-logo-400x400.png
Wilson,wilson-logo-400x400.png
Linkin Park,linkin-park-band-vector-logo1-400x400.png
"Asterix, Obelix & Idefix",asterix-obelix-idefix-vector-400x400.png
Hello Kitty,hello-kitty-only-text-vector-logo-400x400.png
UPAEP,upaep-vector-logo-400x400.png
Jeep,jeep-black-vector-logo-400x400.png
flydubai,flydubai-logo.png
Atlanta Braves,Atlanta-Braves-logo-vector-download-400x400.png
West Coast Customs,west-coast-customs-vector-logo-400x400.png
Cartman,cartman-vector-400x400.png
Repsol,repsol-vector-logo-400x400.png
Foster’s,Fosters-logo-vector-download-400x400.jpg
Bettys,bettys-logo-preview-400x400.png
ThinkPad,thinkpad-logo-vector-download-400x400.jpg
Middlesbrough FC,middlesbrough-fc-logo-preview-400x400.png
Total S.A,total-s.a-logo-vector-01.png
Wall-E,wall-e-vector-logo-400x400.png
Matrix,matrix-vector-logo-400x400.png
Borders,borders-vector-logo-400x400.png
FILA,fila-logo-vector-01.png
Tommy Hilfiger,tommy-hilfiger-eps-vector-logo-400x400.png
Ecko Unlimited,ecko-unlimited-.eps-logo-vector-400x400.png
Sempra Energy,sempra-energy-logo-vector-download-400x400.jpg
Credit Suisse,credit-suisse-logo-vector-download-400x400.jpg
CAF Confederation Cup,caf-confederation-cup-vector-logo-400x400.png
Barbie,barbie-logo-vector-400x400.png
Nestlé,nestl-logo-vector-download-400x400.jpg
Vespa Moto,vespa-moto-vector-logo-400x400.png
Omnicom Group,omnicom-logo-vector-download-400x400.jpg
Yahoo Mail,yahoo-mail-vector-logo-400x400.png
Knauf,knauf-vector-logo-400x400.png
Dachdecker Innung,dachdecker-innung-logo-vector-400x400.png
Hitachi,hitachi-logo-download-400x400.png
Knauf,knauf-vector-logo-400x400.png
Tribal,tribal-eps-vector-logo-400x400.png
Volkswagen Auto,volkswagen-auto-eps-vector-logo-400x400.png
KISS band,kiss-band-vector-logo-400x400.png
Sony Corporation,sony-corporation-vector-logo-400x400.png
The Incredibles,the-incredibles-eps-vector-400x400.png
Black & Decker,black-decker-eps-vector-logo-400x400.png
WePay,wepay-logo.png
Movistar Pharma,movistar-pharma-vector-logo1-400x400.png
Vejle Boldklub,vejle-boldklub-vector-logo-400x400.png
Chevy Chisiled With Flames,chevy-chisiled-with-flames-logo-vector-400x400.png
jQuery,jquery-logo-vector-download-400x400.jpg
Ozzy Osbourne,ozzy-osbourne-vector-logo-400x400.png
Southwest Airlines,southwest-airlines-logo-vector-01.png
InfoCenter Lan House e Cyber Cafe,infocenter-lan-house-e-cyber-cafe-vector-logo-400x400.png
Airwell,airwell-logo-preview-400x400.png
Burger King,burger-king-vector-400x400.jpg
Hamilton Tiger-Cats,hamilton-tiger-cats-vector-logo-400x400.png
KS Widzew Lodz,ks-widzew-lodz-vector-logo-400x400.png
Honda Dominator,honda-dominator-vector-logo-400x400.png
Los Angeles Dodgers,los-angeles-dodgers-logo.png
Lamborghini,lamborghini-eps-vector-logo-400x400.png
USB,usb-eps-vector-logo-400x400.png
Wilson,wilson-black-vector-logo-400x400.png
Initial D,initial-d-vector-logo-400x400.png
Mickey Mouse,mickey-mouse-icons-vector-400x400.png
Bose,bose-logo-vector-400x400.png
Shark Energy Drink,shark-energy-drink-vector-logo-400x400.png
Chopard,chopard-vector-logo-400x400.png
Justitia,justitia-vector-logo-400x400.png
Tecate Light,tecate-light-vector-logo-400x400.png
Coach Black,coach-black-vector-logo-400x400.png
Jetstar,jetstar-2012-vector-logo-400x400.png
Razertype,razer-logotype-eps-400x400.png
Adobe Systems,adobe-systems-vector-logo-400x400.png
Umbro,umbro-black-vector-logo-400x400.png
Nintendo,nintendo-vector-logo-400x400.png
Pirelli,pirelli-black-vector-logo-400x400.png
RoHS tested,rohs-tested-logo-vector-400x400.png
Art-Corel-Draw-12,art-corel-draw-12-vector-logo-400x400.png
Haribo boy,haribo-boy-vector-logo-400x400.png
Dell,dell-3d-logo-vector-01.png
Opel Old,opel-old-vector-logo-400x400.png
Nivea,nivea-black-vector-logo-400x400.png
Mercedes-Benz – MB,mercedes-benz-mb-vector-logo-400x400.png
Nike Football,nike-football-vector-logo-400x400.png
Wesfarmers,wesfarmers-logo.png
Ford,ford-logo-vector-01.png
Gant,gant-logo-vector-400x400.png
Gigabyte Technology,gigabyte-technology-logo-vector-400x400.png
Trafik Polisi,trafik-polisi-vector-logo-400x400.png
Baby Pooh,baby-pooh-logo-vector-400x400.png
Mazda Motor Corporation,mazda-motor-corporation-vector-logo-400x400.png
Eibach Springs,eibach-springs-.eps-logo-vector-400x400.png
NASA,nasa-eps-vector-logo-400x400.png
Pizza Hut,pizza-hut-eps-vector-logo-400x400.png
CIMB Bank,cimb-bank-logo-vector-400x400.png
All Blacks,all-blacks-eps-vector-logo-400x400.png
Aral,aral-black-vector-logo-400x400.png
Danzig Skull,danzig-skull-logo-vector-400x400.png
Yamaha YZF,yamaha-yzf-vector-logo-400x400.png
Calvin Klein Watches,calvin-klein-watches-logo-vector-400x400.png
FedEx Office,fedex-office-logo-vector-download-400x400.jpg
Scania Aktiebolag,scania-aktiebolag-vector-logo-400x400.png
Nike Golf,nike-golf-vector-logo-400x400.png
Toyota Racing Division,toyota-racing-division-vector-logo-400x400.png
Nissin,nissin-vector-logo-400x400.png
KV Mechelen,kv-mechelen-vector-logo-400x400.png
Nike Football,nike-football-eps-vector-logo-400x400.png
Behringer,behringer-vector-logo-400x400.png
Iron Man,iron-man-vector-400x400.png
Trussardi,trussardi-vector-logo-400x400.png
Nike Plus,nike-plus-vector-logo-400x400.png
Meetup,meetup-logo-400x400.png
Yamaha MT-01,yamaha-mt-01-vector-logo-400x400.png
Google Plus,google-plus-logo.png
Ariston,ariston-black-logo-vector-download.jpg
Dethleffs,dethleffs-vector-logo-400x400.png
Super Mario Bros.,super-mario-bros-vector-logo-400x400.png
Moncler,moncler-vector-logo-400x400.png
Playboy,playboy-tv-eps-vector-logo-400x400.png
No Fear,no-fear-eps-vector-logo-400x400.png
Visa Inc,visa-inc-vector-logo-400x400.png
Python,python-logo-vector-400x400.png
Panther,panther-vector-logo-400x400.png
Senati,senati-vector-logo-400x400.png
Levi’s,levis-clothing-vector-logo-400x400.png
AC Pisa 1909,ac-pisa-1909-vector-logo-400x400.png
Lufthansa,lufthansa-logo-vector-400x400.png
Zendesk,zendesk-logo-vector-download-400x400.jpg
Indian Oil Corporation,indian-oil-corporation-vector-logo-400x400.png
Kohl’s,kohls-logo-vector-400x400.png
Ben & Jerry’s,ben-jerrys-vector-logo-400x400.png
Stussy,stussy-vector-logo-400x400.png
Jack Daniel’s,jack-daniel-vector-400x400.png
Modena FC,modena-fc-vector-logo-400x400.png
KFC New,kfc-new-vector-400x400.jpg
Aareal Bank,aareal-bank-vector-logo-400x400.png
Scania black,scania-black-vector-logo-400x400.png
F.N.B. bank,fnb-bank-vector-logo-400x400.png
Singer,singer-vector-logo-400x400.png
Renault 2004,renault-2004-vector-logo-400x400.png
Houzz,houzz-logo.png
Vaillant,vaillant-eps-vector-logo-400x400.png
Johnnie walker,johnnie-walker-logo-vector1-400x400.png
Joico,joico-vector-logo-400x400.png
Mickey Mouse,mickey-mouse-12-pictures-vector-400x400.png
Hot Wheels Art,hot-wheels-art-vector-logo-400x400.png
Citroen Transport,citroen-transport-logo-vector-400x400.png
Jata Negeri Kelantan,jata-negeri-kelantan-vector-logo-400x400.png
Hamilton Tiger-Cats team,hamilton-tiger-cats-team-vector-logo-400x400.png
Constant Contact,constant-contact-logo.png
Nintendo Direct,nintendo-direct-logo.png
EBay,ebay-logo-vector-download-400x400.jpg
Tokyo 2020 Olympic,tokyo-2020-olympic-logo.png
Wells Fargo,wells-fargo-logo-preview-400x400.png
Peugeot,peugeot-car-vector-logo-400x400.png
Xplod Sony,xplod-sony-vector-logo-400x400.png
Adidas celebrate originality,adidas-celebrate-originality-vector-logo-400x400.png
Boca Juniors 1920,boca-juniors-1920-vector-logo-400x400.png
Arnette,arnette-vector-logo-400x400.png
Mapa del ecuador,mapa-del-ecuador-vector-logo-400x400.png
Maybelline,maybelline-vector-logo-400x400.png
TSV 1860 Munchen,tsv-1860-munchen-vector-logo-400x400.png
Toyota Camry,toyota-camry-logo-vector-01-400x400.png
Olam,olam-logo-vector-download-400x400.jpg
Jagermeister,jagermeister-eps-vector-logo-400x400.png
ASUS,asus-logo-vector-400x400.png
VW Motorsport,vw-motorsport-vector-logo-400x400.png
Manchester United,manchester-united-logo-vector-400x400.png
Barclays,Barclays-bank-logo-vector-free-download.png
LLB,llb-vector-logo-400x400.png
Zurich Insurance,zurich-eps-vector-logo-400x400.png
Eni,eni-logo.png
IEEE,ieee-vector-logo-400x400.png
Mustang Ford,mustang-ford-vector-logo-400x400.png
FIAT 500,fiat-500-logo-vector-400x400.png
Dogs Trust,dogs-trust-vector-logo-400x400.png
James Bond (007),james-bond-007-vector-logo1-400x400.png
Naver,naver-logo-preview-400x400.png
Inca Kola,inca-kola-vector-logo-400x400.png
MSV Duisburg,msv-duisburg-1902-vector-logo-400x400.png
Turkiye Seyahat Acentalari Birligi,turkiye-seyahat-acentalari-birligi-vector-logo-400x400.png
LA Clippers,la-clippers-logo-preview-400x400.png
Fanta Apelsin,fanta-apelsin-vector-logo-400x400.png
Zurich Insurance Group,zurich-insurance-group-logo-preview-400x400.png
Bosch,bosch-.eps-logo-vector-400x400.png
Ferrero Rocher Chocolate,ferrero-rocher-chocolate-vector-logo-400x400.png
FC Hoyvik,fc-hoyvik-vector-logo-400x400.png
